ticker,issuer,underlying,leverage,reset,status,series_id,series_name,trust,trust_cik,kind,underlying_token,listed_now,n_nport,first_report,last_report,last_net_assets,max_net_assets,launched_evidence,nport_ref,ref_match,nport_designated_index,leverage_history,names_by_year
AIBD,Direxion,,-2.0,daily,active,S000083880,Direxion Daily AI and Big Data Bear 2X Shares,Direxion Shares ETF Trust,0001424958,index,AI Big Data,True,8,2024-07-31,2026-04-30,4544320.1,5760797.54,nport,Solactive US AI & Big Data Index,n/a,Solcative US AI & Big Data Index,2024:-2.0; 2026:-2.0,2024:Direxion Daily AI and Big Data Bear 2X Shares; 2026:Direxion Daily AI and Big Data Bear 2X ETF
AIBU,Direxion,,2.0,daily,active,S000083879,Direxion Daily AI and Big Data Bull 2X Shares,Direxion Shares ETF Trust,0001424958,index,AI Big Data,True,8,2024-07-31,2026-04-30,27087378.93,48847791.55,nport,Solactive US AI & Big Data Index,n/a,Solactive US AI & Big Data Index,2024:2.0; 2026:2.0,2024:Direxion Daily AI and Big Data Bull 2X Shares; 2026:Direxion Daily AI and Big Data Bull 2X ETF
PRAI,Defiance,,2.0,daily,active,S000105026,Defiance Pure AI Daily 2X Strategy ETF,Tidal Trust II,0001924868,index,AI Strategy,True,0,,,,,listed_no_nport_yet,,n/a,,2026:2.0,2026:Defiance Pure AI Daily 2X Strategy ETF
DFEN,Direxion,,3.0,daily,active,S000057185,Direxion Daily Aerospace & Defense Bull 3X Shares,Direxion Shares ETF Trust,0001424958,index,Aerospace Defense,True,16,2022-07-31,2026-04-30,365956879.83,483911644.14,nport,DOW JONES U.S SELECT AERO DEF INDEX SWAP || Aerospace & Defense Bull 3X,n/a,,2022:3.0; 2026:3.0,2022:Direxion Daily Aerospace & Defense Bull 3X Shares; 2026:Direxion Daily Aerospace & Defense Bull 3X ETF
,Corgi,,2.0,daily,closed,S000102804,Corgi All Commodities 2x Daily ETF,Corgi ETF Trust I,0002078265,index,All Commodities,False,1,2026-06-30,2026-06-30,384381.87,384381.87,nport,PDBC / Invesco Optimum Yield Diversif / INVESCO OPTIMUM YIELD DIVERSIFIED COMMODITY STRATE,n/a,N/A,2026:2.0,2026:Corgi All Commodities 2x Daily ETF
,Corgi,,2.0,daily,closed,S000102775,Corgi All World 2x Daily ETF,Corgi ETF Trust I,0002078265,index,All World,False,1,2026-06-30,2026-06-30,362957.46,362957.46,nport,VT / Vanguard Total World Stock ETF / VANGUARD TOTAL WORLD STOCK INDEX FUND ETF SHARES-S,n/a,N/A,2026:2.0,2026:Corgi All World 2x Daily ETF
MJIN,ETFMG,,-2.0,daily,closed,S000073455,ETFMG 2x Daily Inverse Alternative Harvest ETF,ETF Managers Trust,0001467831,index,Alternative Harvest,False,2,2022-06-30,2022-09-30,1463874.27,6448364.06,nport,ETFMG Alternative Harvest ETF / ETFMG Alternative Harvest ETF / 26924G508 TRSS 101222,n/a,Prime Alternative Harvest Index NTR,2022:-2.0,2022:ETFMG 2X Daily Inverse Alternative Harvest ETF
MJXL,ETFMG,,2.0,daily,closed,S000072019,ETFMG 2X Daily Alternative Harvest ETF,ETF Managers Trust,0001467831,index,Alternative Harvest,False,2,2022-06-30,2022-09-30,389899.3,416393.08,nport,ETFMG Alternative Harvest ETF / ETFMG Alternative Harvest ETF / 26924G508 TRS 071023,n/a,Prime Alternative Harvest Index NTR,2022:2.0,2022:ETFMG 2X Daily Alternative Harvest ETF
WILD,VistaShares,,2.0,daily,active,S000092977,Vistashares Animal Spirits Daily 2x Strategy ETF,Tidal Trust III,0001722388,index,Animal Spirits Strategy,True,2,2025-07-31,2025-10-31,4957102.82,4957102.82,nport,common stock / AMAZON INC SWAP MAREX || common stock / NVIDIA CORPORATION - L- MAREX || common stock / STRATEGY INC CL - L- MAREX,n/a,BITA Tactical Exposure US Innovation Leaders Index,2025:2.0,2025:VistaShares Animal Spirits Daily 2X Strategy ETF
TBXU,Direxion,,2.0,daily,active,S000092912,Direxion Daily Biotech Top 5 Bull 2X ETF,Direxion Shares ETF Trust,0001424958,index,Biotech Top 5,True,3,2025-10-31,2026-04-30,2951896.57,4147863.2,nport,DX D BIOTECH T 5 BULL 2X ETF  SWAP || ARGENX SE - ADR / ARGENX SE - ADR,n/a,NYSE Biotechnology Top 5 Equal Weight Index,2025:2.0; 2026:2.0,2025:Direxion Daily Super Sector Biotech Bull 2X Shares; 2026:Direxion Daily Biotech Top 5 Bull 2X ETF
,Corgi,,2.0,daily,closed,S000102786,Corgi Brazil 2x Daily ETF,Corgi ETF Trust I,0002078265,index,Brazil,False,1,2026-06-30,2026-06-30,351190.73,351190.73,nport,EWZ / iShares MSCI Brazil ETF / ISHARES MSCI BRAZIL ETF-SWAP-CANT-L,n/a,N/A,2026:2.0,2026:Corgi Brazil 2x Daily ETF
UHPIX,ProFunds,,-2.0,daily,active,S000020741,ULTRASHORT CHINA PROFUND,ProFunds,0001039803,index,CHINA PROFUND,True,16,2022-07-31,2026-04-30,2198260.73,4286235.12,nport,"UHPIX_BKTCN_UBS || UHPIX_BKTCN_GOLDMAN || HSBC SECURITIES (USA), INC. B 3.5 , 5/01/2026",n/a,S&P China Select ADR Index,2022:-2.0,2022:UltraShort China ProFund
CHAD,Direxion,,-1.0,daily,closed,S000048906,Direxion Daily CSI 300 China A Share Bear 1X Shares,Direxion Shares ETF Trust,0001424958,index,CSI 300 China Share,False,3,2022-07-31,2023-01-31,13761007.48,151964220.12,nport,DEUTSCHE X-TRACKERS HARVEST CSI 300 SWAP,n/a,CSI 300 Net Total Return Index USD Index,2022:-1.0,2022:Direxion Daily CSI 300 China A Share Bear 1X Shares
CHAU,Direxion,,2.0,daily,active,S000048742,Direxion Daily CSI 300 China A Share Bull 2X Shares,Direxion Shares ETF Trust,0001424958,index,CSI 300 China Share,True,16,2022-07-31,2026-04-30,104054323.56,332268072.59,nport,DEUTSCHE X-TRACKERS HARVEST CSI 300 SWAP || DEUTSCHE BANK AG / XTRACKERS HARVEST CSI 300 CH,n/a,CSI 300 Net Total Return Index USD Index,2022:2.0; 2026:2.0,2022:Direxion Daily CSI 300 China A Share Bull 2X Shares; 2026:Direxion Daily CSI 300 China A Share Bull 2X ETF
CWEB,Direxion,,2.0,daily,active,S000055198,Direxion Daily CSI China Internet Index Bull 2X Shares,Direxion Shares ETF Trust,0001424958,index,CSI China Internet Index,True,16,2022-07-31,2026-04-30,251903042.09,458162312.71,nport,KraneShares Trust / KRANESHARES CSI CHINA INTERN || KRANESHARES CSI CHINA INTERNET ETF SWAP,n/a,CSI Overseas China Internet USD Index,2022:2.0; 2026:2.0,2022:Direxion Daily CSI China Internet Index Bull 2X Shares; 2026:Direxion Daily CSI China Internet Index Bull 2X ETF
CVSB,,,-2.0,unknown,active,S000077963,Calvert Ultra-Short Investment Grade ETF,Morgan Stanley ETF Trust,0001676326,index,Calvert Ultra-Short Investment Grade,True,14,2023-03-31,2026-06-30,212534558.31,212534558.31,nport,"FHLMC / FHLMC, REMIC, Series 5391, Class FA || DB Master Finance LLC / DB Master Finance LLC, Series 2017-1A, Class A2II || Driven Brands Funding LLC / Driven Brands Funding LLC, Series 2020-2A, Class A2",n/a,,2023:-2.0,2023:Calvert Ultra-Short Investment Grade ETF
,Corgi,,2.0,daily,closed,S000102797,Corgi China 2x Daily ETF,Corgi ETF Trust I,0002078265,index,China,False,1,2026-06-30,2026-06-30,1232270.55,1232270.55,nport,FXI / iShares China Large-Cap ETF / ISHARES CHINA LARGE-CAP ETF-SWAP-CANT-L,n/a,N/A,2026:2.0,2026:Corgi China 2x Daily ETF
DRAX,Defiance,,2.0,daily,active,S000085121,Defiance Daily Target 2X Long China Dragons ETF,Tidal Trust II,0001924868,index,China Dragons,True,0,,,,,listed_no_nport_yet,,n/a,,2024:2.0; 2025:2.0,2024:Defiance Daily Target 2X Long Lithium ETF; 2025:Defiance Daily Target 2X Long China Dragons ETF
CLDS,Direxion,,-2.0,daily,closed,S000071022,Direxion Daily Cloud Computing Bear 2X Shares,Direxion Shares ETF Trust,0001424958,index,Cloud Computing,False,1,2022-07-31,2022-07-31,15258031.94,15258031.94,nport,INDXX USA CLOUD COMPUTING INDEX SWAP,n/a,,2022:-2.0,2022:Direxion Daily Cloud Computing Bear 2X Shares
CLDL,Direxion,,2.0,daily,closed,S000070706,Direxion Daily Cloud Computing Bull 2X Shares,Direxion Shares ETF Trust,0001424958,index,Cloud Computing,False,12,2022-07-31,2025-04-30,5679589.36,9057661.16,nport,INDXX USA CLOUD COMPUTING INDEX SWAP || Crowdstrike Holdings Inc / Crowdstrike Holdings Inc COM USD0.0005 CL A,n/a,Indxx USA Cloud Computing Index NTR Index,2022:2.0,2022:Direxion Daily Cloud Computing Bull 2X Shares
SCC,ProShares,,-2.0,daily,active,S000014299,ProShares UltraShort Consumer Discretionary,PROSHARES TRUST,0001174610,index,Consumer Discretionary,True,17,2022-05-31,2026-05-31,5929733.37,8225698.22,nport,Consumer Discretionary Select Sector Index / Total Return Swap || Repurchase Agreement / Repurchase Agreement,n/a,Dow Jones U.S. Consumer Services Index,2022:-2.0; 2023:-2.0,2022:ProShares UltraShort Consumer Services; 2023:ProShares UltraShort Consumer Discretionary
UCC,ProShares,,2.0,daily,active,S000014251,ProShares Ultra Consumer Discretionary,PROSHARES TRUST,0001174610,index,Consumer Discretionary,True,17,2022-05-31,2026-05-31,11580955.37,19584009.12,nport,Consumer Discretionary Select Sector Index / Total Return Swap,n/a,Dow Jones U.S. Consumer Services Index,2022:2.0; 2023:2.0,2022:ProShares Ultra Consumer Services; 2023:ProShares Ultra Consumer Discretionary
WANT,Direxion,,3.0,daily,active,S000027484,Direxion Daily Consumer Discretionary Bull 3X Shares,Direxion Shares ETF Trust,0001424958,index,Consumer Discretionary,True,16,2022-07-31,2026-04-30,20510621.79,42857482.52,nport,CONSUMER DISCRETIONARY SELECT SECTOR TR INDEX SWAP,n/a,,2022:3.0; 2026:3.0,2022:Direxion Daily Consumer Discretionary Bull 3X Shares; 2026:Direxion Daily Consumer Discretionary Bull 3X ETF
SZK,ProShares,,-2.0,daily,active,S000014298,ProShares UltraShort Consumer Staples,PROSHARES TRUST,0001174610,index,Consumer Staples,True,17,2022-05-31,2026-05-31,4846723.38,4846723.38,nport,Consumer Staples Select Sector Index / Total Return Swap,n/a,Dow Jones U.S. Consumer Goods Index,2022:-2.0; 2023:-2.0,2022:ProShares UltraShort Consumer Goods; 2023:ProShares UltraShort Consumer Staples
UGE,ProShares,,2.0,daily,active,S000014250,ProShares Ultra Consumer Staples,PROSHARES TRUST,0001174610,index,Consumer Staples,True,17,2022-05-31,2026-05-31,11707001.39,14401655.54,nport,Consumer Staples Select Sector Index / Total Return Swap,n/a,Dow Jones U.S. Consumer Goods Index,2022:2.0; 2023:2.0,2022:ProShares Ultra Consumer Goods; 2023:ProShares Ultra Consumer Staples
UWPIX,ProFunds,,-2.0,daily,active,S000003083,ULTRASHORT DOW 30 PROFUND,ProFunds,0001039803,index,DOW 30 PROFUND,True,16,2022-07-31,2026-04-30,1051113.64,6800843.97,nport,"UWPIX_DOW_GOLDMAN || UWPIX_DOW_UBS || HSBC SECURITIES (USA), INC. B 3.5 , 5/01/2026",n/a,Dow Jones Industrial Average,2022:-2.0,2022:ULTRASHORT DOW 30 PROFUND
UDPIX,ProFunds,,2.0,daily,active,S000003065,ULTRA DOW 30 PROFUND,ProFunds,0001039803,index,DOW 30 PROFUND,True,16,2022-07-31,2026-04-30,45665683.96,48538507.64,nport,UDPIX_DOW_UBS || UDPIX_DOW_GOLDMAN || UDPIX_DIA_GOLDMAN,n/a,Dow Jones Industrial Average,2022:None,2022:ULTRADOW 30 PROFUND
DRAQ,Tradr,,-2.0,daily,active,S000106999,Tradr 2X Short DRAM Daily ETF,Investment Managers Series Trust II,0001587982,index,DRAM,True,0,,,,,listed_no_nport_yet,,n/a,,2026:-2.0,2026:Tradr 2X Short DRAM Daily ETF
SOGU,AXS,,-1.0,daily,closed,S000076584,AXS Short De-SPAC Daily ETF,Investment Managers Series Trust II,0001587982,index,De-SPAC,False,3,2022-09-30,2023-03-31,10757728.93,26132036.99,nport,OTHER / OTHER / CFD SONDER HOLDINGS INC / CFD SONDER HOLDINGS INC || OTHER / OTHER / CFD ENERGY VAULT HOLDINGS INC / CFD ENERGY VAULT HOLDINGS INC || OTHER / OTHER / CFD SYMBOTIC INC / CFD SYMBOTIC INC,n/a,The De-SPAC Index,2022:-1.0,2022:AXS Short De-SPAC Daily ETF
IBIT,Defiance,,-1.0,daily,closed,S000076789,Defiance Daily Short Digitizing the Economy ETF,ETF Series Solutions,0001540305,index,Digitizing Economy,False,3,2022-09-30,2023-03-31,704117.95,943631.12,nport,Amplify Transformational Data / Amplify Transformational Data Sharing ETF,n/a,Solactive Short Digital Assets Industry Index,2022:None; 2023:-1.0,2022:Defiance Short Blockchain and Digital Assets Industry ETF; 2023:Defiance Daily Short Digitizing the Economy ETF
WEBS,Direxion,,-3.0,daily,active,S000066282,Direxion Daily Dow Jones Internet Bear 3X Shares,Direxion Shares ETF Trust,0001424958,index,Dow Jones Internet,True,16,2022-07-31,2026-04-30,10058317.89,60003621.27,nport,DOW JONES INTERNET COMPOSITE INDEX SWAP,n/a,,2022:-3.0; 2026:-3.0,2022:Direxion Daily Dow Jones Internet Bear 3X Shares; 2026:Direxion Daily Dow Jones Internet Bear 3X ETF
WEBL,Direxion,,3.0,daily,active,S000066281,Direxion Daily Dow Jones Internet Bull 3X Shares,Direxion Shares ETF Trust,0001424958,index,Dow Jones Internet,True,16,2022-07-31,2026-04-30,111989403.17,192442332.43,nport,DOW JONES INTERNET COMPOSITE INDEX SWAP,n/a,,2022:3.0; 2026:3.0,2022:Direxion Daily Dow Jones Internet Bull 3X Shares; 2026:Direxion Daily Dow Jones Internet Bull 3X ETF
SDOW,ProShares,,-3.0,daily,active,S000024910,ProShares UltraPro Short Dow30,PROSHARES TRUST,0001174610,index,Dow30,True,17,2022-05-31,2026-05-31,176565861.44,815477394.61,nport,DJ Industrial Average Index / Total Return Swap,n/a,N/A,2022:-3.0,2022:ProShares UltraPro Short Dow30
DXD,ProShares,,-2.0,daily,active,S000006823,ProShares UltraShort Dow30,PROSHARES TRUST,0001174610,index,Dow30,True,17,2022-05-31,2026-05-31,47534645.84,147257101.5,nport,DJ Industrial Average Index / Total Return Swap,n/a,Dow Jones Industrial Average,2022:-2.0,2022:ProShares UltraShort Dow30
DOG,ProShares,,-1.0,daily,active,S000006830,ProShares Short Dow30,PROSHARES TRUST,0001174610,index,Dow30,True,17,2022-05-31,2026-05-31,108715757.28,318589177.99,nport,DJ Industrial Average Index / Total Return Swap || DJIA CBOT E-Mini Index / DJIA CBOT E-Mini Index,n/a,Dow Jones Industrial Average,2022:-1.0,2022:ProShares Short Dow30
DDM,ProShares,,2.0,daily,active,S000006826,ProShares Ultra Dow30,PROSHARES TRUST,0001174610,index,Dow30,True,17,2022-05-31,2026-05-31,523355278.99,523355278.99,nport,DIA / SPDR Dow Jones Industrial AverageSM ETF Trust / Total Return Swap || DJ Industrial Average Index / Total Return Swap,n/a,Dow Jones Industrial Average,2022:2.0,2022:ProShares Ultra Dow30
UDOW,ProShares,,3.0,daily,active,S000024918,ProShares UltraPro Dow30,PROSHARES TRUST,0001174610,index,Dow30,True,17,2022-05-31,2026-05-31,839629611.87,839629611.87,nport,DJ Industrial Average Index / Total Return Swap,n/a,N/A,2022:3.0,2022:ProShares UltraPro Dow30
DRAL,Defiance,,2.0,daily,active,S000105968,Defiance Daily Target 2x Long Dram ETF,Tidal Trust II,0001924868,index,Dram,True,1,2026-06-30,2026-06-30,2849351.18,2849351.18,nport,SAMSUNG ASSET MANAGEMENT CO. - KODEX FN WEBTOON AN,n/a,Roundhill Memory ETF,2026:2.0,2026:Defiance Daily Target 2X Long DRAM ETF
DRNL,Defiance,,2.0,daily,active,S000100983,Defiance 2x Daily Long Pure Drone And Aerial Automation ETF,Tidal Trust II,0001924868,index,Drone Aerial Automation,True,1,2026-04-30,2026-04-30,115167.87,115167.87,nport,common stock / ONDAS INC COM SWAP CANT-L || common stock / EVE HLDG INC SWAP CANT-L || common stock / JOBY AVIATION INC SWAP CANT-L,n/a,BITA Tactical Exposure US Software and Technology Services Index,2026:2.0,2026:Defiance 2X Daily Long Pure Drone and Aerial Automation ETF
BUSM,,,2.0,unknown,active,S000104603,EA Bridgeway Ultra-Small Company Market ETF,EA Series Trust,0001592900,index,EA Bridgeway Ultra-Small Company Market,True,0,,,,,listed_no_nport_yet,,n/a,,2026:2.0,2026:EA Bridgeway Ultra-Small Company Market ETF
UVPIX,ProFunds,,-2.0,daily,active,S000008847,ULTRASHORT EMERGING MARKETS PROFUND,ProFunds,0001039803,index,EMERGING MARKETS PROFUND,True,16,2022-07-31,2026-04-30,1306050.13,2989729.04,nport,"UVPIX_BKTEM_GOLDMAN || UVPIX_BKTEM_UBS || HSBC SECURITIES (USA), INC. B 3.5 , 5/01/2026",n/a,S&P Emerging 50 ADR Index,2022:-2.0,2022:ULTRASHORT EMERGING MARKETS PROFUND
EVAV,Direxion,,2.0,daily,active,S000075767,Direxion Daily Electric and Autonomous Vehicles Bull 2X Shares,Direxion Shares ETF Trust,0001424958,index,Electric Autonomous Vehicles,True,12,2022-10-31,2025-07-31,5053932.77,13416150.5,nport,Indxx US Electric & Autonomous Vehicles Indx SWAP,n/a,Indxx US Electric and Autonomous Vehicles Index NTR,2022:2.0,2022:Direxion Daily Electric and Autonomous Vehicles Bull 2X Shares
,Corgi,,2.0,daily,closed,S000102819,Corgi Emerging Markets 2x Daily ETF,Corgi ETF Trust I,0002078265,index,Emerging Markets,False,1,2026-06-30,2026-06-30,471209.02,471209.02,nport,VWO / Vanguard FTSE Emerging Markets / VANGUARD EMERGING MARKETS STOCK INDEX FUND-SWAP-CL,n/a,N/A,2026:2.0,2026:Corgi Emerging Markets 2x Daily ETF
DUG,ProShares,,-2.0,daily,active,S000014304,ProShares UltraShort Energy,PROSHARES TRUST,0001174610,index,Energy,True,17,2022-05-31,2026-05-31,29506519.05,49894130.54,nport,Energy Select Sector Index / Total Return Swap,n/a,Dow Jones U.S. Oil & Gas Index,2022:-2.0; 2023:-2.0,2022:ProShares UltraShort Oil & Gas; 2023:ProShares UltraShort Energy
ERY,Direxion,,-2.0,daily,active,S000022780,Direxion Daily Energy Bear 2X Shares,Direxion Shares ETF Trust,0001424958,index,Energy,True,16,2022-07-31,2026-04-30,42614870.57,57823727.61,nport,ENERGY SELECT SECTOR  INDEX SWAP,n/a,Energy Select Sector Total Return Index,2022:-2.0; 2026:-2.0,2022:Direxion Daily Energy Bear 2X Shares; 2026:Direxion Daily Energy Bear 2X ETF
DIG,ProShares,,2.0,daily,active,S000014255,ProShares Ultra Energy,PROSHARES TRUST,0001174610,index,Energy,True,17,2022-05-31,2026-05-31,74617031.19,225259814.83,nport,Energy Select Sector Index / Total Return Swap,n/a,Dow Jones U.S. Oil & Gas Index,2022:2.0; 2023:2.0,2022:ProShares Ultra Oil & Gas; 2023:ProShares Ultra Energy
ERX,Direxion,,2.0,daily,active,S000022760,Direxion Daily Energy Bull 2X Shares,Direxion Shares ETF Trust,0001424958,index,Energy,True,16,2022-07-31,2026-04-30,277043209.49,561574805.46,nport,ENERGY SELECT SECTOR  INDEX SWAP,n/a,Energy Select Sector Total Return Index,2022:2.0; 2026:2.0,2022:Direxion Daily Energy Bull 2X Shares; 2026:Direxion Daily Energy Bull 2X ETF
TEXU,Direxion,,2.0,daily,active,S000092921,Direxion Daily Energy Top 5 Bull 2X ETF,Direxion Shares ETF Trust,0001424958,index,Energy Top 5,True,3,2025-10-31,2026-04-30,5350640.04,5350640.04,nport,DIREXION DLY ET5 BULL 2X ETF  SWAP,n/a,S&P 500 Energy (Sector) Top 5 Equal Capped Index (USD),2025:2.0; 2026:2.0,2025:Direxion Daily Super Sector Energy Bull 2X Shares; 2026:Direxion Daily Energy Top 5 Bull 2X ETF
,Corgi,,2.0,daily,closed,S000102830,Corgi Europe Equities 2x Daily ETF,Corgi ETF Trust I,0002078265,index,Europe Equities,False,1,2026-06-30,2026-06-30,503070.86,503070.86,nport,VGK / Vanguard FTSE Europe ETF / VANGUARD FTSE EUROPE ETF-SWAP-MREX-L,n/a,N/A,2026:2.0,2026:Corgi Europe Equities 2x Daily ETF
,Corgi,,2.0,daily,closed,S000102841,Corgi Ex-U.S. Equities 2x Daily ETF,Corgi ETF Trust I,0002078265,index,Ex-U.S. Equities,False,1,2026-06-30,2026-06-30,240443.54,240443.54,nport,VXUS / Vanguard Total International S / VANGUARD TOTAL INTERNATIONAL STOCK INDEX FUND ETF,n/a,N/A,2026:2.0,2026:Corgi Ex-U.S. Equities 2x Daily ETF
YANG,Direxion,,-3.0,daily,active,S000022775,Direxion Daily FTSE China Bear 3X Shares,Direxion Shares ETF Trust,0001424958,index,FTSE China,True,16,2022-07-31,2026-04-30,110005733.97,266637414.17,nport,ISHARES CHINA LARGECAP ETF SWAP,n/a,,2022:-3.0; 2026:-3.0,2022:Direxion Daily FTSE China Bear 3X Shares; 2026:Direxion Daily FTSE China Bear 3X ETF
YINN,Direxion,,3.0,daily,active,S000022791,Direxion Daily FTSE China Bull 3X Shares,Direxion Shares ETF Trust,0001424958,index,FTSE China,True,16,2022-07-31,2026-04-30,765802677.28,2015933283.08,nport,ISHARES CHINA LARGECAP ETF SWAP || ISHARES LEHMAN 20+ YEARS TREASURY BOND F / ISHARES CHINA LARGE-CAP ETF,n/a,,2022:3.0; 2026:3.0,2022:Direxion Daily FTSE China Bull 3X Shares; 2026:Direxion Daily FTSE China Bull 3X ETF
FXP,ProShares,,-2.0,daily,active,S000018731,ProShares UltraShort FTSE China 50,PROSHARES TRUST,0001174610,index,FTSE China 50,True,17,2022-05-31,2026-05-31,6308958.51,25208831.6,nport,FXI / iShares China Large-Cap ETF / Total Return Swap,n/a,FTSE China 50 Index,2022:-2.0,2022:ProShares UltraShort FTSE China 50
YXI,ProShares,,-1.0,daily,active,S000018719,ProShares Short FTSE China 50,PROSHARES TRUST,0001174610,index,FTSE China 50,True,17,2022-05-31,2026-05-31,4569796.89,10784402.48,nport,FXI / iShares China Large-Cap ETF / Total Return Swap || Repurchase Agreement / Repurchase Agreement,n/a,FTSE China 50 Index,2022:-1.0,2022:ProShares Short FTSE China 50
XPP,ProShares,,2.0,daily,active,S000022299,ProShares Ultra FTSE China 50,PROSHARES TRUST,0001174610,index,FTSE China 50,True,17,2022-05-31,2026-05-31,10166472.98,19639613.96,nport,FXI / iShares China Large-Cap ETF / Total Return Swap,n/a,FTSE China 50 Index,2022:2.0,2022:ProShares Ultra FTSE China 50
EPV,ProShares,,-2.0,daily,active,S000022292,ProShares UltraShort FTSE Europe,PROSHARES TRUST,0001174610,index,FTSE Europe,True,17,2022-05-31,2026-05-31,14199520.41,128714937.27,nport,VGK / Vanguard FTSE Europe ETF Shares / Total Return Swap,n/a,FTSE Developed Europe All Cap Index,2022:-2.0,2022:ProShares UltraShort FTSE Europe
UPV,ProShares,,2.0,daily,active,S000028921,ProShares Ultra FTSE Europe,PROSHARES TRUST,0001174610,index,FTSE Europe,True,17,2022-05-31,2026-05-31,14281240.02,14991674.81,nport,VGK / Vanguard FTSE Europe ETF Shares / Total Return Swap,n/a,FTSE Developed Europe All Cap Index,2022:2.0,2022:ProShares Ultra FTSE Europe
EURL,Direxion,,3.0,daily,active,S000038649,Direxion Daily FTSE Europe Bull 3X Shares,Direxion Shares ETF Trust,0001424958,index,FTSE Europe,True,16,2022-07-31,2026-04-30,59580093.28,59580093.28,nport,VANGUARD FTSE EUROPE ETF SWAP || Vanguard International Equity Index Funds / VANGUARD FTSE EUROPE ETF,n/a,,2022:3.0; 2026:3.0,2022:Direxion Daily FTSE Europe Bull 3X Shares; 2026:Direxion Daily FTSE Europe Bull 3X ETF
FNTC,Direxion,,2.0,daily,closed,S000073591,Direxion Daily FinTech Bull 2X Shares,Direxion Shares ETF Trust,0001424958,index,FinTech,False,3,2022-07-31,2023-01-31,2723924.7,3606163.67,nport,INDXX US FINTECH AND DECENTRALIZED FIN INDEX SWAP || American Express Company / American Express Company COM USD0.20,n/a,Indxx US Fintech and Decentralized Finance Index TR Index,2022:2.0,2022:Direxion Daily FinTech Bull 2X Shares
FAZ,Direxion,,-3.0,daily,active,S000022781,Direxion Daily Financial Bear 3X Shares,Direxion Shares ETF Trust,0001424958,index,Financial,True,16,2022-07-31,2026-04-30,120079925.99,189668050.64,nport,Financial Select Sector Index SWAP || FINANCIAL SELECT SECTOR INDEX SWAP || FINANCIAL SELECT SECTOR  INDEX SWAP,n/a,,2022:-3.0; 2026:-3.0,2022:Direxion Daily Financial Bear 3X Shares; 2026:Direxion Daily Financial Bear 3X ETF
FAS,Direxion,,3.0,daily,active,S000022761,Direxion Daily Financial Bull 3X Shares,Direxion Shares ETF Trust,0001424958,index,Financial,True,16,2022-07-31,2026-04-30,1969633281.6,2878581632.22,nport,FINANCIAL SELECT SECTOR  INDEX SWAP || Financial Select Sector Index SWAP,n/a,,2022:3.0; 2026:3.0,2022:Direxion Daily Financial Bull 3X Shares; 2026:Direxion Daily Financial Bull 3X ETF
SKF,ProShares,,-2.0,daily,active,S000014300,ProShares UltraShort Financials,PROSHARES TRUST,0001174610,index,Financials,True,17,2022-05-31,2026-05-31,14778250.61,27736392.02,nport,S&P Financial Select Sector Index / Total Return Swap,n/a,Dow Jones U.S. Financials Index,2022:-2.0,2022:ProShares UltraShort Financials
SEF,ProShares,,-1.0,daily,active,S000014276,ProShares Short Financials,PROSHARES TRUST,0001174610,index,Financials,True,17,2022-05-31,2026-05-31,15403612.24,43285677.65,nport,S&P Financial Select Sector Index / Total Return Swap,n/a,Dow Jones U.S. Financials Index,2022:-1.0,2022:ProShares Short Financials
UYG,ProShares,,2.0,daily,active,S000014252,ProShares Ultra Financials,PROSHARES TRUST,0001174610,index,Financials,True,17,2022-05-31,2026-05-31,692894130.14,946535620.29,nport,S&P Financial Select Sector Index / Total Return Swap,n/a,Dow Jones U.S. Financials Index,2022:2.0,2022:ProShares Ultra Financials
,,,2.0,daily,closed,S000096626,Founder-Led 2x Daily ETF,Corgi ETF Trust I,0002078265,index,Founder-Led,False,1,2026-03-31,2026-03-31,6379216.92,6379216.92,nport,Founder-Led ETF / Founder-Led ETF / CORGI ETF TR SWAP CS,n/a,Founder-Led Index (Price Return),2026:2.0,2026:Founder-Led 2x Daily ETF
GIGI,T-REX,,2.0,daily,active,S000098131,T-REX 2X Long GRNY Daily Target ETF,ETF Opportunities Trust,0001771146,index,GRNY,True,0,,,,,listed_no_nport_yet,,n/a,,2026:2.0,2026:T-REX 2X Long GRNY Daily Target ETF
KLNE,Direxion,,2.0,daily,closed,S000072481,Direxion Daily Global Clean Energy Bull 2X Shares,Direxion Shares ETF Trust,0001424958,index,Global Clean Energy,False,8,2022-07-31,2024-04-30,3325895.4,5334643.03,nport,ISHARES MSCI EAFE SMALL-CAP / ISHARES GLOBAL CLEAN ENERGY || ISHARES GLOBAL CLEAN ENERGY SWAP,n/a,S&P Global Clean Energy Net TR Index,2022:2.0,2022:Direxion Daily Global Clean Energy Bull 2X Shares
RXD,ProShares,,-2.0,daily,active,S000014301,ProShares UltraShort Health Care,PROSHARES TRUST,0001174610,index,Health Care,True,17,2022-05-31,2026-05-31,5283500.02,6170781.78,nport,Health Care Select Sector Index / Total Return Swap,n/a,Dow Jones U.S. Health Care Index,2022:-2.0,2022:ProShares UltraShort Health Care
RXL,ProShares,,2.0,daily,active,S000014253,ProShares Ultra Health Care,PROSHARES TRUST,0001174610,index,Health Care,True,17,2022-05-31,2026-05-31,72080935.22,117842960.87,nport,Health Care Select Sector Index / Total Return Swap,n/a,Dow Jones U.S. Health Care Index,2022:2.0,2022:ProShares Ultra Health Care
CURE,Direxion,,3.0,daily,active,S000027486,Direxion Daily Healthcare Bull 3X Shares,Direxion Shares ETF Trust,0001424958,index,Healthcare,True,16,2022-07-31,2026-04-30,138295771.04,202345101.38,nport,HEALTH CARE SELECT SECTOR INDEX SWAP,n/a,,2022:3.0; 2026:3.0,2022:Direxion Daily Healthcare Bull 3X Shares; 2026:Direxion Daily Healthcare Bull 3X ETF
NAIL,Direxion,,3.0,daily,active,S000022763,Direxion Daily Homebuilders & Supplies Bull 3X Shares,Direxion Shares ETF Trust,0001424958,index,Homebuilders Supplies,True,16,2022-07-31,2026-04-30,563015601.08,605463648.61,nport,DOW JONES U.S. SELECT HOME BUILDERS INDEX SWAP,n/a,,2022:3.0; 2026:3.0,2022:Direxion Daily Homebuilders & Supplies Bull 3X Shares; 2026:Direxion Daily Homebuilders & Supplies Bull 3X ETF
MNGY,Defiance,,2.0,daily,active,S000089921,Defiance Hot Sauce Daily 2X Strategy ETF,Tidal Trust II,0001924868,index,Hot Sauce Strategy,True,0,,,,,listed_no_nport_yet,,n/a,,2025:2.0,2025:Defiance Hot Sauce Daily 2X Strategy ETF
UXPIX,ProFunds,,-2.0,daily,active,S000008850,ULTRASHORT INTERNATIONAL PROFUND,ProFunds,0001039803,index,INTERNATIONAL PROFUND,True,16,2022-07-31,2026-04-30,2315393.0,4628812.1,nport,"UXPIX_FUTEAFE_UBS || UXPIX_FUTEAFE_GOLDMAN || HSBC SECURITIES (USA), INC. B 3.5 , 5/01/2026",n/a,MSCI EAFE Index,2022:-2.0,2022:ULTRASHORT INTERNATIONAL PROFUND
IVEX,Tradr,,2.0,daily,active,S000107009,Tradr 2X Long IVES Daily ETF,Investment Managers Series Trust II,0001587982,index,IVES,True,0,,,,,listed_no_nport_yet,,n/a,,2026:2.0,2026:Tradr 2X Long IVES Daily ETF
,Corgi,,2.0,daily,closed,S000102844,Corgi India 2x Daily ETF,Corgi ETF Trust I,0002078265,index,India,False,1,2026-06-30,2026-06-30,392310.0,392310.0,nport,INDA / iShares MSCI India ETF / ISHARES MSCI INDIA ETF-SWAP-MREX-L,n/a,N/A,2026:2.0,2026:Corgi India 2x Daily ETF
SIJ,ProShares,,-2.0,daily,active,S000014302,ProShares UltraShort Industrials,PROSHARES TRUST,0001174610,index,Industrials,True,17,2022-05-31,2026-05-31,6278402.94,6278402.94,nport,Industrial Select Sector Index / Total Return Swap,n/a,Dow Jones U.S. Industrials Index,2022:-2.0,2022:ProShares UltraShort Industrials
UXI,ProShares,,2.0,daily,active,S000014254,ProShares Ultra Industrials,PROSHARES TRUST,0001174610,index,Industrials,True,17,2022-05-31,2026-05-31,28452230.86,33982291.1,nport,Industrial Select Sector Index / Total Return Swap,n/a,Dow Jones U.S. Industrials Index,2022:2.0,2022:ProShares Ultra Industrials
DUSL,Direxion,,3.0,daily,active,S000057187,Direxion Daily Industrials Bull 3X Shares,Direxion Shares ETF Trust,0001424958,index,Industrials,True,16,2022-07-31,2026-04-30,54208645.11,54208645.11,nport,INDUSTRIAL SELECT SECTOR INDEX SWAP || IXIS / INDUSTRIAL SELECT SECTOR INDEX SWAP,n/a,,2022:3.0; 2026:3.0,2022:Direxion Daily Industrials Bull 3X Shares; 2026:Direxion Daily Industrials Bull 3X ETF
SARK,Tuttle,,-1.0,unknown,closed,S000073871,Tuttle Capital Short Innovation ETF,Collaborative Investment Series Trust,0001719812,index,Innovation,False,1,2022-06-30,2022-06-30,472261869.12,472261869.12,nport,ARK INNOVATION ETF / ARK INNOVATION ETF / SARK TRS ARKK EQ / SARK TRS ARKK EQ,n/a,,2022:-1.0,2022:Tuttle Capital Short Innovation ETF
SARK,Tradr,,-1.0,daily,active,S000076585,Tradr 1X Short Innovation Daily ETF,Investment Managers Series Trust II,0001587982,index,Innovation,True,16,2022-09-30,2026-06-30,42804057.68,394093048.75,nport,ARKK / ARK INNOVATION ETF / CFD ARK INNOVATION ETF / CFD ARK INNOVATION ETF,n/a,ARKK Index,2022:-1.0; 2024:-1.0; 2025:-1.0,2022:AXS Short Innovation Daily ETF; 2024:Tradr Short Innovation Daily ETF; 2025:Tradr 1X Short Innovation Daily ETF
TARK,Tradr,,2.0,unknown,active,S000075836,Tradr 2X Long Innovation ETF,Investment Managers Series Trust II,0001587982,index,Innovation,True,17,2022-06-30,2026-06-30,19502697.93,70057780.09,nport,ARKK / ARK INNOVATION ETF / CFD ARK INNOVATION ETF / CFD ARK INNOVATION ETF,n/a,ARKK Index,2022:2.0; 2024:2.0,2022:AXS 2X Innovation ETF; 2024:Tradr 2X Long Innovation ETF
TASE,Defiance,,2.0,daily,active,S000106224,Defiance Daily 2X Long Israel ETF,Tidal Trust II,0001924868,index,Israel,True,0,,,,,listed_no_nport_yet,,n/a,,2026:2.0,2026:Defiance Daily 2X Long Israel ETF
UKPIX,ProFunds,,-2.0,daily,active,S000008849,ULTRASHORT JAPAN PROFUND,ProFunds,0001039803,index,JAPAN PROFUND,True,16,2022-07-31,2026-04-30,1445816.79,1488472.03,nport,"UKPIX_NKY_GOLDMAN || HSBC SECURITIES (USA), INC. B 3.5 , 5/01/2026 || SOCIETE' GENERALE  3.52 , 5/01/2026",n/a,Nikkei 225 Stock Average,2022:-2.0,2022:ULTRASHORT JAPAN PROFUND
UJPIX,ProFunds,,2.0,daily,active,S000003067,ULTRA JAPAN PROFUND,ProFunds,0001039803,index,JAPAN PROFUND,True,16,2022-07-31,2026-04-30,38700150.88,38700150.88,nport,"HSBC SECURITIES (USA), INC. B 3.5 , 5/01/2026 || SOCIETE' GENERALE  3.52 , 5/01/2026 || NXM6 INDEX / CME Nikkei 225 Index Future / CHICAGO MERCANTILE EXCHANGE / CME Nikkei 225 Index Future 2026-06-11",n/a,Nikkei 225 Stock Average,2022:None,2022:ULTRAJAPAN PROFUND
UFPIX,ProFunds,,-2.0,daily,active,S000012863,ULTRASHORT LATIN AMERICA PROFUND,ProFunds,0001039803,index,LATIN AMERICA PROFUND,True,16,2022-07-31,2026-04-30,422176.34,4421773.02,nport,UFPIX_BKTLA_UBS || UFPIX_BKTLA_GOLDMAN,n/a,S&P Latin America 35 ADR Index,2022:-2.0,2022:ULTRASHORT LATIN AMERICA PROFUND
UMPIX,ProFunds,,2.0,daily,active,S000003063,ULTRA MID CAP PROFUND,ProFunds,0001039803,index,MID CAP PROFUND,True,16,2022-07-31,2026-04-30,41526614.72,47982741.55,nport,UMPIX_MID_GOLDMAN || UMPIX_MID_UBS || UMPIX_MDY_GOLDMAN,n/a,S&P MidCap 400,2022:None,2022:ULTRAMID-CAP PROFUND
UIPIX,ProFunds,,-2.0,daily,active,S000003081,ULTRASHORT MID-CAP PROFUND,ProFunds,0001039803,index,MID-CAP PROFUND,True,16,2022-07-31,2026-04-30,412681.41,1770197.4,nport,"UIPIX_MID_GOLDMAN || UIPIX_MID_UBS || HSBC SECURITIES (USA), INC. B 3.5 , 5/01/2026",n/a,S&P MidCap 400,2022:-2.0,2022:ULTRASHORT MID-CAP PROFUND
BRZU,Direxion,,2.0,daily,active,S000029346,Direxion Daily MSCI Brazil Bull 2X Shares,Direxion Shares ETF Trust,0001424958,index,MSCI Brazil,True,16,2022-07-31,2026-04-30,125311149.63,146104848.16,nport,ISHARES MSCI BRAZIL CAPPED ETF SWAP || ISHARES MSCI SPAIN CAPPED ET / ISHARES MSCI BRAZIL ETF,n/a,MSCI Brazil 25-50 NETR USD Index,2022:2.0; 2026:2.0,2022:Direxion Daily MSCI Brazil Bull 2X Shares; 2026:Direxion Daily MSCI Brazil Bull 2X ETF
EFU,ProShares,,-2.0,daily,active,S000018730,ProShares UltraShort MSCI EAFE,PROSHARES TRUST,0001174610,index,MSCI EAFE,True,17,2022-05-31,2026-05-31,1261758.2,4481854.08,nport,EFA / iShares MSCI EAFE ETF / Total Return Swap || Repurchase Agreement / Repurchase Agreement,n/a,MSCI EAFE Index,2022:-2.0,2022:ProShares UltraShort MSCI EAFE
EFZ,ProShares,,-1.0,daily,active,S000018742,ProShares Short MSCI EAFE,PROSHARES TRUST,0001174610,index,MSCI EAFE,True,17,2022-05-31,2026-05-31,11976538.71,119021516.61,nport,EFA / iShares MSCI EAFE ETF / Total Return Swap,n/a,MSCI EAFE Index,2022:-1.0,2022:ProShares Short MSCI EAFE
EFO,ProShares,,2.0,daily,active,S000022302,ProShares Ultra MSCI EAFE,PROSHARES TRUST,0001174610,index,MSCI EAFE,True,17,2022-05-31,2026-05-31,29505474.63,36059941.74,nport,EFA / iShares MSCI EAFE ETF / Total Return Swap,n/a,MSCI EAFE Index,2022:2.0,2022:ProShares Ultra MSCI EAFE
EDZ,Direxion,,-3.0,daily,active,S000022773,Direxion Daily MSCI Emerging Markets Bear 3X Shares,Direxion Shares ETF Trust,0001424958,index,MSCI Emerging Markets,True,16,2022-07-31,2026-04-30,34933182.19,56453565.44,nport,ISHARES MSCI EMERGING MARKETS ETF SWAP,n/a,,2022:-3.0; 2026:-3.0,2022:Direxion Daily MSCI Emerging Markets Bear 3X Shares; 2026:Direxion Daily MSCI Emerging Markets Bear 3X ETF
EEV,ProShares,,-2.0,daily,active,S000018727,ProShares UltraShort MSCI Emerging Markets,PROSHARES TRUST,0001174610,index,MSCI Emerging Markets,True,17,2022-05-31,2026-05-31,3214167.2,13099907.4,nport,EEM / iShares MSCI Emerging Markets ETF / Total Return Swap,n/a,MSCI Emerging Markets Index,2022:-2.0,2022:ProShares UltraShort MSCI Emerging Markets
EUM,ProShares,,-1.0,daily,active,S000018740,ProShares Short MSCI Emerging Markets,PROSHARES TRUST,0001174610,index,MSCI Emerging Markets,True,17,2022-05-31,2026-05-31,10210774.02,51888994.5,nport,EEM / iShares MSCI Emerging Markets ETF / Total Return Swap || Repurchase Agreement / Repurchase Agreement,n/a,MSCI Emerging Markets Index,2022:-1.0,2022:ProShares Short MSCI Emerging Markets
EET,ProShares,,2.0,daily,active,S000022303,ProShares Ultra MSCI Emerging Markets,PROSHARES TRUST,0001174610,index,MSCI Emerging Markets,True,17,2022-05-31,2026-05-31,42970024.43,59134562.18,nport,EEM / iShares MSCI Emerging Markets ETF / Total Return Swap,n/a,MSCI Emerging Markets Index,2022:2.0,2022:ProShares Ultra MSCI Emerging Markets
EDC,Direxion,,3.0,daily,active,S000022789,Direxion Daily MSCI Emerging Markets Bull 3X Shares,Direxion Shares ETF Trust,0001424958,index,MSCI Emerging Markets,True,16,2022-07-31,2026-04-30,197829665.64,197829665.64,nport,ISHARES MSCI EMERGING MARKETS ETF SWAP,n/a,,2022:3.0; 2026:3.0,2022:Direxion Daily MSCI Emerging Markets Bull 3X Shares; 2026:Direxion Daily MSCI Emerging Markets Bull 3X ETF
XXCH,Direxion,,2.0,daily,active,S000083881,Direxion Daily MSCI Emerging Markets ex China Bull 2X Shares,Direxion Shares ETF Trust,0001424958,index,MSCI Emerging Markets ex China,True,6,2024-04-30,2025-07-31,2632849.02,3322028.17,nport,EMXCGS / MSCI EMERGING MARKETS EX CHINA || MSCI EMERGING MARKETS EX CHINA || ISHARES MSCI ITALY CAPPED ET / ISHARES MSCI EMR MRK EX CHNA,n/a,MSCI Emerging Markets ex China Net Return USD Index,2024:2.0,2024:Direxion Daily MSCI Emerging Markets ex China Bull 2X Shares
INDL,Direxion,,2.0,daily,active,S000022757,Direxion Daily MSCI India Bull 2X Shares,Direxion Shares ETF Trust,0001424958,index,MSCI India,True,16,2022-07-31,2026-04-30,59778318.26,110717234.67,nport,INDA / iShares Trust / ISHARES MSCI INDIA ETF || ISHARES MSCI INDIA ETF SWAP,n/a,MSCI Emerging Markets India Net TR(USD) Index,2022:2.0; 2026:2.0,2022:Direxion Daily MSCI India Bull 2X Shares; 2026:Direxion Daily MSCI India Bull 2X ETF
EWV,ProShares,,-2.0,daily,active,S000018728,ProShares UltraShort MSCI Japan,PROSHARES TRUST,0001174610,index,MSCI Japan,True,17,2022-05-31,2026-05-31,6453430.13,8883952.09,nport,EWJ / iShares MSCI Japan ETF / Total Return Swap,n/a,MSCI Japan Index,2022:-2.0,2022:ProShares UltraShort MSCI Japan
EZJ,ProShares,,2.0,daily,active,S000022304,ProShares Ultra MSCI Japan,PROSHARES TRUST,0001174610,index,MSCI Japan,True,17,2022-05-31,2026-05-31,14265764.54,20702731.07,nport,EWJ / iShares MSCI Japan ETF / Total Return Swap || iShares MSCI Japan ETF / iShares MSCI Japan ETF,n/a,MSCI Japan Index,2022:2.0,2022:ProShares Ultra MSCI Japan
MEXX,Direxion,,3.0,daily,active,S000057175,Direxion Daily MSCI Mexico Bull 3X Shares,Direxion Shares ETF Trust,0001424958,index,MSCI Mexico,True,16,2022-07-31,2026-04-30,21441088.76,27379645.71,nport,ISHARES MSCI MEX CAP SWAP || ISHARES MSCI MEXICO CAPPED SWAP,n/a,,2022:3.0; 2026:3.0,2022:Direxion Daily MSCI Mexico Bull 3X Shares; 2026:Direxion Daily MSCI Mexico Bull 3X ETF
KORU,Direxion,,3.0,daily,active,S000029358,Direxion Daily MSCI South Korea Bull 3X Shares,Direxion Shares ETF Trust,0001424958,index,MSCI South Korea,True,16,2022-07-31,2026-04-30,1551628139.16,1551628139.16,nport,ISHARES MSCI SOUTH KOREA CAPPED ETF SWAP || EWY / ISHARES MSCI SPAIN CAPPED ET / ISHARES MSCI SOUTH KOREA ETF,n/a,,2022:3.0; 2026:3.0,2022:Direxion Daily MSCI South Korea Bull 3X Shares; 2026:Direxion Daily MSCI South Korea Bull 3X ETF
QQQD,Direxion,,-1.0,daily,active,S000084216,Direxion Daily Magnificent 7 Bear 1X Shares,Direxion Shares ETF Trust,0001424958,index,Magnificent 7,True,9,2024-04-30,2026-04-30,23218290.97,23218290.97,nport,INDXX FRONT OF THE Q INDEX SWAP,n/a,Indxx Magnificent 7 Index TR,2024:-1.0; 2025:-1.0; 2026:-1.0,2024:Direxion Daily Concentrated Qs Bear 1X Shares; 2025:Direxion Daily Magnificent 7 Bear 1X Shares; 2026:Direxion Daily Magnificent 7 Bear 1X ETF
QQQU,Direxion,,2.0,daily,active,S000084217,Direxion Daily Magnificent 7 Bull 2X Shares,Direxion Shares ETF Trust,0001424958,index,Magnificent 7,True,9,2024-04-30,2026-04-30,101953351.65,119820830.39,nport,INDXX FRONT OF THE Q INDEX SWAP,n/a,Indxx Magnificent 7 Index TR,2024:2.0; 2025:2.0; 2026:2.0,2024:Direxion Daily Concentrated Qs Bull 2X Shares; 2025:Direxion Daily Magnificent 7 Bull 2X Shares; 2026:Direxion Daily Magnificent 7 Bull 2X ETF
MAGQ,Roundhill,,-1.0,daily,closed,S000084166,Roundhill Daily Inverse Magnificent Seven ETF,Roundhill ETF Trust,0001976517,index,Magnificent Seven,False,3,2024-03-31,2024-09-30,1001442.61,1001442.61,nport,SOLACTIVE MAGNIFICENT SEVEN EQUAL WEIGHTED PR SWAP,n/a,Solactive Magnificent 7 Index NTR,2024:-1.0,2024:Roundhill Daily Inverse Magnificent Seven ETF
MAGX,Roundhill,,2.0,daily,active,S000084165,Roundhill Daily 2X Long Magnificent Seven ETF,Roundhill ETF Trust,0001976517,index,Magnificent Seven,True,10,2024-03-31,2026-06-30,47867627.18,74604407.59,nport,MAGS / Roundhill Magnificent Seven ET / ROUNDHILL MAGNIFICENT SEVEN SWAP || MAGS / Roundhill Magnificent Seven ET / Roundhill Magnificent Seven ETF,n/a,Roundhill Magnificent Seven ETF,2024:2.0,2024:Roundhill Daily 2X Long Magnificent Seven ETF
SMN,ProShares,,-2.0,daily,active,S000014296,ProShares UltraShort Materials,PROSHARES TRUST,0001174610,index,Materials,True,17,2022-05-31,2026-05-31,3102444.78,6216150.27,nport,Materials Select Sector Index / Total Return Swap,n/a,Dow Jones U.S. Basic Materials Index,2022:-2.0; 2023:-2.0,2022:ProShares UltraShort Basic Materials; 2023:ProShares UltraShort Materials
UYM,ProShares,,2.0,daily,active,S000014313,ProShares Ultra Materials,PROSHARES TRUST,0001174610,index,Materials,True,17,2022-05-31,2026-05-31,40026669.02,64236611.02,nport,Materials Select Sector Index / Total Return Swap,n/a,Dow Jones U.S. Basic Materials Index,2022:2.0; 2023:2.0,2022:ProShares Ultra Basic Materials; 2023:ProShares Ultra Materials
YEET,Roundhill,,2.0,daily,active,S000096615,Roundhill Daily 2X Long Memory ETF,Roundhill ETF Trust,0001976517,index,Memory,True,0,,,,,listed_no_nport_yet,,n/a,,2026:2.0,2026:Roundhill Daily 2X Long Memory ETF
MNM,Direxion,,2.0,daily,closed,S000073595,Direxion Daily Metal Miners Bull 2X Shares,Direxion Shares ETF Trust,0001424958,index,Metal Miners,False,3,2022-07-31,2023-01-31,9778414.55,12146534.62,nport,S&P METALS AND MINING SELECT INDUSTRY INDEX SWAP || Cleveland-Cliffs Inc / Cleveland-Cliffs Inc COM USD0.125,n/a,S&P Metals and Mining Select Industry Total Return Index Index,2022:2.0,2022:Direxion Daily Metal Miners Bull 2X Shares
MIDU,Direxion,,3.0,daily,active,S000022778,Direxion Daily Mid Cap Bull 3X Shares,Direxion Shares ETF Trust,0001424958,index,Mid Cap,True,16,2022-07-31,2026-04-30,83629954.79,111374575.03,nport,S&P MID CAP 400 INDEX SWAP,n/a,,2022:3.0; 2026:3.0,2022:Direxion Daily Mid Cap Bull 3X Shares; 2026:Direxion Daily Mid Cap Bull 3X ETF
SMDD,ProShares,,-3.0,daily,active,S000024912,ProShares UltraPro Short MidCap400,PROSHARES TRUST,0001174610,index,MidCap400,True,17,2022-05-31,2026-05-31,2099425.36,10126973.61,nport,S&P MidCap 400 Index / Total Return Swap,n/a,N/A,2022:-3.0,2022:ProShares UltraPro Short MidCap400
MZZ,ProShares,,-2.0,daily,active,S000006822,ProShares UltraShort MidCap400,PROSHARES TRUST,0001174610,index,MidCap400,True,17,2022-05-31,2026-05-31,701214.05,2957178.62,nport,S&P MidCap 400 Index / Total Return Swap || Repurchase Agreement / Repurchase Agreement,n/a,S&P MidCap 400,2022:-2.0,2022:ProShares UltraShort MidCap400
MYY,ProShares,,-1.0,daily,active,S000006829,ProShares Short MidCap400,PROSHARES TRUST,0001174610,index,MidCap400,True,17,2022-05-31,2026-05-31,2629897.86,16230195.65,nport,S&P MidCap 400 Index / Total Return Swap || Repurchase Agreement / Repurchase Agreement,n/a,S&P MidCap 400,2022:-1.0,2022:ProShares Short MidCap400
MVV,ProShares,,2.0,daily,active,S000006825,ProShares Ultra MidCap400,PROSHARES TRUST,0001174610,index,MidCap400,True,17,2022-05-31,2026-05-31,159760398.96,178920366.94,nport,MDY / SPDR S&P MidCap 400 ETF Trust / Total Return Swap || S&P MidCap 400 Index / Total Return Swap,n/a,S&P MidCap 400,2022:2.0,2022:ProShares Ultra MidCap400
UMDD,ProShares,,3.0,daily,active,S000024920,ProShares UltraPro MidCap400,PROSHARES TRUST,0001174610,index,MidCap400,True,17,2022-05-31,2026-05-31,31928686.93,46408017.63,nport,S&P MidCap 400 Index / Total Return Swap,n/a,N/A,2022:3.0,2022:ProShares UltraPro MidCap400
USPIX,ProFunds,,-2.0,daily,active,S000003084,ULTRASHORT NASDAQ-100 PROFUND,ProFunds,0001039803,index,NASDAQ-100 PROFUND,True,16,2022-07-31,2026-04-30,16954215.76,101605282.74,nport,"USPIX_NDX_GOLDMAN || USPIX_NDX_UBS || HSBC SECURITIES (USA), INC. B 3.5 , 5/01/2026",n/a,Nasdaq-100 Index,2022:-2.0,2022:ULTRASHORT NASDAQ-100 PROFUND
FNGG,Direxion,,2.0,daily,active,S000071020,Direxion Daily NYSE FANG+ Bull 2X Shares,Direxion Shares ETF Trust,0001424958,index,NYSE FANG+,True,16,2022-07-31,2026-04-30,131246733.24,139671794.44,nport,NYSE FANG+ Index Swap || NYSE FANG+ INDEX SWAP,n/a,NYSE FANG+ Total Return Index,2022:2.0; 2023:2.0; 2026:2.0,2022:Direxion Daily Select Large Caps & FANGs Bull 2X Shares; 2023:Direxion Daily NYSE FANG+ Bull 2X Shares; 2026:Direxion Daily NYSE FANG+ Bull 2X ETF
BIS,ProShares,,-2.0,daily,active,S000018724,ProShares UltraShort Nasdaq Biotechnology,PROSHARES TRUST,0001174610,index,Nasdaq Biotechnology,True,17,2022-05-31,2026-05-31,2421810.77,8514816.33,nport,NASDAQ Biotechnology Index / Total Return Swap,n/a,Nasdaq Biotechnology Index,2022:-2.0,2022:ProShares UltraShort Nasdaq Biotechnology
BIB,ProShares,,2.0,daily,active,S000018718,ProShares Ultra Nasdaq Biotechnology,PROSHARES TRUST,0001174610,index,Nasdaq Biotechnology,True,17,2022-05-31,2026-05-31,73651927.4,117968333.62,nport,NASDAQ Biotechnology Index / Total Return Swap,n/a,Nasdaq Biotechnology Index,2022:2.0,2022:ProShares Ultra Nasdaq Biotechnology
SKYU,ProShares,,2.0,daily,active,S000070720,ProShares Ultra Nasdaq Cloud Computing,PROSHARES TRUST,0001174610,index,Nasdaq Cloud Computing,True,17,2022-05-31,2026-05-31,3605422.88,3946255.76,nport,ISE Cloud Computing Index / Total Return Swap,n/a,ISE Cloud Computing Index,2022:2.0; 2023:2.0,2022:ProShares Ultra Cloud Computing; 2023:ProShares Ultra Nasdaq Cloud Computing
UCYB,ProShares,,2.0,daily,active,S000070718,ProShares Ultra Nasdaq Cybersecurity,PROSHARES TRUST,0001174610,index,Nasdaq Cybersecurity,True,17,2022-05-31,2026-05-31,6865355.56,6865355.56,nport,CIBR / First Trust Nasdaq Cybersecurity ETF / Total Return Swap,n/a,Nasdaq CTA Cybersecurity,2022:2.0,2022:ProShares Ultra Nasdaq Cybersecurity
,ProFunds,,-2.0,daily,closed,S000012060,PROFUND VP ULTRASHORT DOW 30,ProFunds,0001039803,index,PROFUND VP DOW 30,False,17,2022-06-30,2026-06-30,5361.23,6820.43,nport,"DOW JONES INDUSTRIAL AVERAGE / VPUSDOW_DOW_GOLDMAN || DOW JONES INDUSTRIAL AVERAGE / VPUSDOW_DOW_UBS || UMB FINANCIAL CORP.  3.38 , 7/01/2026",n/a,Dow Jones Industrial Average,2022:-2.0,2022:PROFUND VP ULTRASHORT DOW 30
,ProFunds,,-2.0,daily,closed,S000004531,PROFUND VP ULTRASHORT NASDAQ-100,ProFunds,0001039803,index,PROFUND VP NASDAQ-100,False,17,2022-06-30,2026-06-30,1222431.81,15413925.98,nport,"NASDAQ-100 INDEX / VPUSNDX_NDX_UBS || NASDAQ-100 INDEX / VPUSNDX_NDX_GOLDMAN || SOCIETE' GENERALE  3.52 , 7/01/2026",n/a,Nasdaq-100 Index,2022:-2.0,2022:PROFUND VP ULTRASHORT NASDAQ-100
,ProFunds,,2.0,daily,closed,S000003957,PROFUND VP ULTRA SMALL CAP,ProFunds,0001039803,index,PROFUND VP SMALL CAP,False,16,2022-06-30,2026-03-31,15308031.74,16942404.06,nport,VPUSML_RTY_GOLDMAN || VPUSML_RTY_UBS || VPUSML_IWM_GOLDMAN,n/a,Russell 2000 Index,2022:None,2022:PROFUND VP ULTRASMALL-CAP
PILL,Direxion,,3.0,daily,active,S000050532,Direxion Daily Pharmaceutical & Medical Bull 3X Shares,Direxion Shares ETF Trust,0001424958,index,Pharmaceutical Medical,True,16,2022-07-31,2026-04-30,12893067.47,17933256.35,nport,S&P PHARMACEUTICALS SELECT INDEX SWAP,n/a,,2022:3.0; 2026:3.0,2022:Direxion Daily Pharmaceutical & Medical Bull 3X Shares; 2026:Direxion Daily Pharmaceutical & Medical Bull 3X ETF
,,,-2.0,unknown,closed,S000077299,Putnam ESG Ultra Short ETF,Putnam ETF Trust,0001845809,index,Putnam ESG,False,14,2023-01-31,2026-04-30,42935625.09,210557969.85,nport,"Alexandria Real Estate Equities, Inc. / Alexandria Real Estate Equities, Inc. 0% CP 01/05/2026",n/a,,2022:-2.0,2022:Putnam ESG Ultra Short ETF
,,,-2.0,unknown,closed,S000080127,Putnam Ultra Short MAC Series,PUTNAM FUNDS TRUST,0001005942,index,Putnam MAC Series,False,12,2023-07-31,2026-04-30,39252374.27,39252374.27,nport,"Capital One Prime Auto Receivables Trust / Capital One Prime Auto Receivables Trust, Series 2025-1, Class A2B || Honda Auto Receivables Owner Trust / Honda Auto Receivables Owner Trust, Series 2025-4, Class A2A || Capital One Multi-Asset Execution Trust / Capital One Multi-Asset Execution Trust, Series 2019-A3, Class A3",n/a,,2023:-2.0,2023:Putnam Ultra Short MAC Series
SQQQ,ProShares,,-3.0,daily,active,S000024909,ProShares UltraPro Short QQQ,PROSHARES TRUST,0001174610,index,QQQ,True,17,2022-05-31,2026-05-31,2231425407.27,5644360783.39,nport,NASDAQ-100 Index / Total Return Swap,n/a,N/A,2022:-3.0,2022:ProShares UltraPro Short QQQ
QID,ProShares,,-2.0,daily,active,S000006824,ProShares UltraShort QQQ,PROSHARES TRUST,0001174610,index,QQQ,True,17,2022-05-31,2026-05-31,236299903.49,588529634.1,nport,NASDAQ-100 Index / Total Return Swap,n/a,Nasdaq-100 Index,2022:-2.0,2022:ProShares UltraShort QQQ
PSQ,ProShares,,-1.0,daily,active,S000006831,ProShares Short QQQ,PROSHARES TRUST,0001174610,index,QQQ,True,17,2022-05-31,2026-05-31,658185330.81,1702568881.62,nport,NASDAQ-100 Index / Total Return Swap || Nasdaq 100 E-Mini Index / Nasdaq 100 E-Mini Index,n/a,Nasdaq-100 Index,2022:-1.0,2022:ProShares Short QQQ
QLD,ProShares,,2.0,daily,active,S000006827,ProShares Ultra QQQ,PROSHARES TRUST,0001174610,index,QQQ,True,17,2022-05-31,2026-05-31,14460240694.95,14460240694.95,nport,"QQQ / PowerShares QQQ TrustSM, Series 1 / Total Return Swap || Nasdaq 100 E-Mini Index / Nasdaq 100 E-Mini Index",n/a,Nasdaq-100 Index,2022:2.0,2022:ProShares Ultra QQQ
TQQQ,ProShares,,3.0,daily,active,S000024908,ProShares UltraPro QQQ,PROSHARES TRUST,0001174610,index,QQQ,True,17,2022-05-31,2026-05-31,39772685912.05,39772685912.05,nport,NASDAQ-100 Index / Total Return Swap,n/a,N/A,2022:3.0,2022:ProShares UltraPro QQQ
EQQQ,ProShares,,2.0,daily,active,S000105248,ProShares Ultra QQQ Equal Weight,PROSHARES TRUST,0001174610,index,QQQ Equal Weight,True,0,,,,,listed_no_nport_yet,,n/a,,2026:2.0,2026:ProShares Ultra QQQ Equal Weight
QQDN,ProShares,,-2.0,daily,active,S000090186,ProShares UltraShort QQQ Mega,PROSHARES TRUST,0001174610,index,QQQ Mega,True,4,2025-08-31,2026-05-31,1009922.38,3470878.32,nport,NASDAQ-100 Mega Index / Total Return Swap,n/a,Nasdaq 100 Mega Index,2025:-2.0; 2026:-2.0,2025:ProShares UltraShort Top QQQ; 2026:ProShares UltraShort QQQ Mega
QQUP,ProShares,,2.0,daily,active,S000090187,ProShares Ultra QQQ Mega,PROSHARES TRUST,0001174610,index,QQQ Mega,True,4,2025-08-31,2026-05-31,30088818.03,35843137.28,nport,NASDAQ-100 Mega Index / Total Return Swap,n/a,Nasdaq 100 Mega Index,2025:2.0; 2026:2.0,2025:ProShares Ultra Top QQQ; 2026:ProShares Ultra QQQ Mega
QQXS,ProShares,,-2.0,daily,active,S000094568,ProShares UltraShort QQQ Top 30,PROSHARES TRUST,0001174610,index,QQQ Top 30,True,0,,,,,listed_no_nport_yet,,n/a,,2025:-2.0,2025:ProShares UltraShort QQQ Top 30
QQD,ProShares,,-1.0,daily,active,S000094570,ProShares Short QQQ Top 30,PROSHARES TRUST,0001174610,index,QQQ Top 30,True,0,,,,,listed_no_nport_yet,,n/a,,2025:-1.0,2025:ProShares Short QQQ Top 30
QQXL,ProShares,,2.0,daily,active,S000094569,ProShares Ultra QQQ Top 30,PROSHARES TRUST,0001174610,index,QQQ Top 30,True,4,2025-08-31,2026-05-31,5526522.91,11347156.15,nport,NASDAQ-100 Top 30 Index / Total Return Swap,n/a,Nasdaq 100 Top 30 Index,2025:2.0,2025:ProShares Ultra QQQ Top 30
QPUX,Defiance,,2.0,daily,active,S000091737,Defiance 2x Daily Long Pure Quantum ETF,Tidal Trust II,0001924868,index,Quantum,True,3,2025-10-31,2026-04-30,30495199.27,50711633.56,nport,common stock / D-WAVE QUANTUM SWAP CS-L || common stock / IONQ INC SWAP L-CS || common stock / QUANTUM COMPUTING INC SWAP L-CS,n/a,"IONQ, Rigetti Computing, D-Wave Quantum, Quantum Computing",2025:2.0,2025:Defiance 2X Daily Long Pure Quantum ETF
QTMS,Defiance,,-2.0,daily,active,S000100662,Defiance 2X Daily Short Pure Quantum Computing Index ETF,Tidal Trust II,0001924868,index,Quantum Computing Index,True,0,,,,,listed_no_nport_yet,,n/a,,2026:-2.0,2026:Defiance 2X Daily Short Pure Quantum Computing Index ETF
DRV,Direxion,,-3.0,daily,active,S000022782,Direxion Daily Real Estate Bear 3X Shares,Direxion Shares ETF Trust,0001424958,index,Real Estate,True,16,2022-07-31,2026-04-30,32600777.65,205434434.6,nport,REAL ESTATE SELECT SECTOR INDEX SWAP,n/a,,2022:-3.0; 2026:-3.0,2022:Direxion Daily Real Estate Bear 3X Shares; 2026:Direxion Daily Real Estate Bear 3X ETF
SRS,ProShares,,-2.0,daily,active,S000014306,ProShares UltraShort Real Estate,PROSHARES TRUST,0001174610,index,Real Estate,True,17,2022-05-31,2026-05-31,16870854.55,66099289.68,nport,Real Estate Select Sector Index / Total Return Swap,n/a,Dow Jones U.S. Real Estate Index,2022:-2.0,2022:ProShares UltraShort Real Estate
REK,ProShares,,-1.0,daily,active,S000014282,ProShares Short Real Estate,PROSHARES TRUST,0001174610,index,Real Estate,True,17,2022-05-31,2026-05-31,10881377.58,62050294.36,nport,Real Estate Select Sector Index / Total Return Swap,n/a,Dow Jones U.S. Real Estate Index,2022:-1.0,2022:ProShares Short Real Estate
URE,ProShares,,2.0,daily,active,S000014257,ProShares Ultra Real Estate,PROSHARES TRUST,0001174610,index,Real Estate,True,17,2022-05-31,2026-05-31,55964965.8,102313619.54,nport,Real Estate Select Sector Index / Total Return Swap,n/a,Dow Jones U.S. Real Estate Index,2022:2.0,2022:ProShares Ultra Real Estate
DRN,Direxion,,3.0,daily,active,S000022762,Direxion Daily Real Estate Bull 3X Shares,Direxion Shares ETF Trust,0001424958,index,Real Estate,True,16,2022-07-31,2026-04-30,46855929.91,97814289.43,nport,REAL ESTATE SELECT SECTOR INDEX SWAP,n/a,,2022:3.0; 2026:3.0,2022:Direxion Daily Real Estate Bull 3X Shares; 2026:Direxion Daily Real Estate Bull 3X ETF
SKRE,Tuttle,,-2.0,daily,active,S000081814,Tuttle Capital Daily 2X Inverse Regional Banks ETF,ETF Opportunities Trust,0001771146,index,Regional Banks,True,10,2024-02-29,2026-05-31,7216832.16,8657498.17,nport,SKRE TRS KRE EQ / State Street SPDR S&P Regional Banking ETF / SKRE TRS KRE EQ,n/a,KRE US EQUITY,2024:-2.0,2024:TUTTLE CAPITAL DAILY 2X INVERSE REGIONAL BANKS ETF
DPST,Direxion,,3.0,daily,active,S000029341,Direxion Daily Regional Banks Bull 3X Shares,Direxion Shares ETF Trust,0001424958,index,Regional Banks,True,16,2022-07-31,2026-04-30,496048130.38,970537765.87,nport,S&P REGIONAL BANKS SELECT INDUSRTY INDEX SWAP,n/a,,2022:3.0; 2026:3.0,2022:Direxion Daily Regional Banks Bull 3X Shares; 2026:Direxion Daily Regional Banks Bull 3X ETF
RETL,Direxion,,3.0,daily,active,S000027487,Direxion Daily Retail Bull 3X Shares,Direxion Shares ETF Trust,0001424958,index,Retail,True,16,2022-07-31,2026-04-30,31459043.18,65332260.17,nport,S&P RETAIL SELECT INDUSTRY INDEX SWAP,n/a,,2022:3.0; 2026:3.0,2022:Direxion Daily Retail Bull 3X Shares; 2026:Direxion Daily Retail Bull 3X ETF
UBOT,Direxion,,2.0,daily,active,S000061746,"Direxion Daily Robotics, Artificial Intelligence & Automation Index Bull 2x Shares",Direxion Shares ETF Trust,0001424958,index,"Robotics, Artificial Intelligence Automation Index",True,16,2022-07-31,2026-04-30,32221871.83,40425677.96,nport,GLOBAL X ROBOTICS & ARTIFICIAL INTEL ETF SWAP || Global X Funds / GLOBAL X ROBOTICS & ARTIFICI,n/a,Indxx Global Robotics & Artificial Intelligence Thematic Index NTR Index,2022:2.0; 2026:2.0,"2022:Direxion Daily Robotics, Artificial Intelligence & Automation Index Bull 2X Shares; 2026:Direxion Daily Robotics, Artificial Intelligence & Automation Index Bull 2X ETF"
TWM,ProShares,,-2.0,daily,active,S000014287,ProShares UltraShort Russell 2000,PROSHARES TRUST,0001174610,index,Russell 2000,True,17,2022-05-31,2026-05-31,50889877.76,177329444.8,nport,Russell 2000 Index / Total Return Swap,n/a,Russell 2000 Index,2022:-2.0,2022:ProShares UltraShort Russell2000
SRTY,ProShares,,-3.0,daily,active,S000024913,ProShares UltraPro Short Russell2000,PROSHARES TRUST,0001174610,index,Russell2000,True,17,2022-05-31,2026-05-31,71871815.12,221326680.77,nport,Russell 2000 Index / Total Return Swap,n/a,N/A,2022:-3.0,2022:ProShares UltraPro Short Russell2000
RWM,ProShares,,-1.0,daily,active,S000014263,ProShares Short Russell2000,PROSHARES TRUST,0001174610,index,Russell2000,True,17,2022-05-31,2026-05-31,119250952.1,551752794.42,nport,Russell 2000 Index / Total Return Swap || Russell 2000 E-Mini Index / Russell 2000 E-Mini Index,n/a,Russell 2000 Index,2022:-1.0,2022:ProShares Short Russell2000
UWM,ProShares,,2.0,daily,active,S000014248,ProShares Ultra Russell2000,PROSHARES TRUST,0001174610,index,Russell2000,True,17,2022-05-31,2026-05-31,249159816.4,585121760.81,nport,Russell 2000 Index / Total Return Swap,n/a,Russell 2000 Index,2022:2.0,2022:ProShares Ultra Russell2000
URTY,ProShares,,3.0,daily,active,S000024921,ProShares UltraPro Russell2000,PROSHARES TRUST,0001174610,index,Russell2000,True,17,2022-05-31,2026-05-31,351968028.04,552983740.75,nport,Russell 2000 Index / Total Return Swap,n/a,N/A,2022:3.0,2022:ProShares UltraPro Russell2000
SPXS,Direxion,,-3.0,daily,active,S000022765,Direxion Daily S&P 500 Bear 3X Shares,Direxion Shares ETF Trust,0001424958,index,S&P 500,True,16,2022-07-31,2026-04-30,385074540.44,1235424844.75,nport,S&P 500 INDEX SWAP,n/a,,2022:-3.0; 2026:-3.0,2022:Direxion Daily S&P 500(R) Bear 3X Shares; 2026:Direxion Daily S&P 500(R) Bear 3X ETF
SPDN,Direxion,,-1.0,daily,active,S000031292,Direxion Daily S&P 500 Bear 1X Shares,Direxion Shares ETF Trust,0001424958,index,S&P 500,True,16,2022-07-31,2026-04-30,219925868.56,612978897.9,nport,S&P 500 INDEX SWAP,n/a,S&P 500 Total Return Index,2022:-1.0; 2026:-1.0,2022:Direxion Daily S&P 500 (R) Bear 1X Shares; 2026:Direxion Daily S&P 500 (R) Bear 1X ETF
SPUU,Direxion,,2.0,daily,active,S000027922,Direxion Daily S&P 500 Bull 2X Shares,Direxion Shares ETF Trust,0001424958,index,S&P 500,True,16,2022-07-31,2026-04-30,227514877.7,292764070.99,nport,S&P 500 INDEX SWAP,n/a,S&P 500 Total Return Index,2022:2.0; 2026:2.0,2022:Direxion Daily S&P 500(R) Bull 2X Shares; 2026:Direxion Daily S&P 500(R) Bull 2X ETF
SPXL,Direxion,,3.0,daily,active,S000022767,Direxion Daily S&P 500 Bull 3X Shares,Direxion Shares ETF Trust,0001424958,index,S&P 500,True,16,2022-07-31,2026-04-30,5929370809.75,6132242037.13,nport,S&P 500 INDEX SWAP,n/a,,2022:3.0; 2026:3.0,2022:Direxion Daily S&P 500(R) Bull 3X Shares; 2026:Direxion Daily S&P 500(R) Bull 3X ETF
EVEN,Direxion,,2.0,unknown,closed,S000075015,Direxion S&P 500(R) Equal Weight Bull 2X Shares,Direxion Shares ETF Trust,0001424958,index,S&P 500 Equal Weight,False,3,2022-07-31,2023-01-31,3264525.23,4201831.53,nport,S&P 500 EQUAL WEIGHT INDEX SWAP || INVESCO S&P 500 EQUAL WEIGHT,n/a,S&P 500 Equal Weighted Index Index,2022:2.0,2022:Direxion Daily S&P 500 Equal Weight Bull 2X Shares
URSP,ProShares,,2.0,daily,active,S000094769,ProShares Ultra S&P 500 Equal Weight,PROSHARES TRUST,0001174610,index,S&P 500 Equal Weight,True,4,2025-08-31,2026-05-31,30283808.53,56043752.14,nport,S&P 500 Equal Weight Index / Total Return Swap,n/a,S&P 500 Equal Weighted Index,2026:2.0,2026:ProShares Ultra S&P 500 Equal Weight
HIBS,Direxion,,-3.0,daily,active,S000066280,Direxion Daily S&P 500 High Beta Bear 3X Shares,Direxion Shares ETF Trust,0001424958,index,S&P 500 High Beta,True,16,2022-07-31,2026-04-30,19043003.65,66428953.15,nport,S&P 500 HIGH BETA INDEX SWAP,n/a,,2022:-3.0; 2026:-3.0,2022:Direxion Daily S&P 500(R) High Beta Bear 3X Shares; 2026:Direxion Daily S&P 500(R) High Beta Bear 3X ETF
HIBL,Direxion,,3.0,daily,active,S000066279,Direxion Daily S&P 500 High Beta Bull 3X Shares,Direxion Shares ETF Trust,0001424958,index,S&P 500 High Beta,True,16,2022-07-31,2026-04-30,78907721.73,84343283.06,nport,S&P 500 HIGH BETA INDEX SWAP,n/a,,2022:3.0; 2026:3.0,2022:Direxion Daily S&P 500(R) High Beta Bull 3X Shares; 2026:Direxion Daily S&P 500(R) High Beta Bull 3X ETF
LABD,Direxion,,-3.0,daily,active,S000049374,Direxion Daily S&P Biotech Bear 3X Shares,Direxion Shares ETF Trust,0001424958,index,S&P Biotech,True,16,2022-07-31,2026-04-30,68086396.56,194015159.36,nport,S&P BIOTECHNOLOGY SELECT INDUSTRY INDEX SWAP,n/a,,2022:-3.0; 2026:-3.0,2022:Direxion Daily S&P Biotech Bear 3X Shares; 2026:Direxion Daily S&P Biotech Bear 3X ETF
LABU,Direxion,,3.0,daily,active,S000049373,Direxion Daily S&P Biotech Bull 3X Shares,Direxion Shares ETF Trust,0001424958,index,S&P Biotech,True,16,2022-07-31,2026-04-30,518889565.14,1163629377.16,nport,S&P BIOTECHNOLOGY SELECT INDUSTRY INDEX SWAP,n/a,,2022:3.0; 2026:3.0,2022:Direxion Daily S&P Biotech Bull 3X Shares; 2026:Direxion Daily S&P Biotech Bull 3X ETF
RDIV,Invesco,,2.0,unknown,active,S000064597,Invesco S&P Ultra Dividend Revenue ETF,Invesco Exchange-Traded Fund Trust II,0001378872,index,S&P Dividend Revenue,True,17,2022-05-31,2026-05-31,1076787452.75,1076787452.75,nport,"Ford Motor Co. / Ford Motor Co. || HP Inc. / HP Inc. || Prudential Financial, Inc. / Prudential Financial, Inc.",n/a,,2022:2.0,2022:Invesco S&P Ultra Dividend Revenue ETF
SPXU,ProShares,,-3.0,daily,active,S000024911,ProShares UltraPro Short S&P500,PROSHARES TRUST,0001174610,index,S&P500,True,17,2022-05-31,2026-05-31,463239067.87,1374942578.16,nport,S&P 500 Index / Total Return Swap,n/a,N/A,2022:-3.0,2022:ProShares UltraPro Short S&P500
SDS,ProShares,,-2.0,daily,active,S000006832,ProShares UltraShort S&P500,PROSHARES TRUST,0001174610,index,S&P500,True,17,2022-05-31,2026-05-31,433088980.71,1133611555.99,nport,S&P 500 Index / Total Return Swap,n/a,S&P 500,2022:-2.0,2022:ProShares UltraShort S&P500
SH,ProShares,,-1.0,daily,active,S000006828,ProShares Short S&P500,PROSHARES TRUST,0001174610,index,S&P500,True,17,2022-05-31,2026-05-31,980961782.16,3281673101.53,nport,S&P 500 Index / Total Return Swap,n/a,S&P 500,2022:-1.0,2022:ProShares Short S&P500
SSO,ProShares,,2.0,daily,active,S000006821,ProShares Ultra S&P500,PROSHARES TRUST,0001174610,index,S&P500,True,17,2022-05-31,2026-05-31,8377250150.32,8377250150.32,nport,SPY / SPDR S&P 500 ETF Trust / Total Return Swap || S&P 500 E-Mini Index / S&P 500 E-Mini Index || S&P 500 Index / Total Return Swap,n/a,S&P 500,2022:2.0,2022:ProShares Ultra S&P500
UPRO,ProShares,,3.0,daily,active,S000024919,ProShares UltraPro S&P500,PROSHARES TRUST,0001174610,index,S&P500,True,17,2022-05-31,2026-05-31,5545344561.36,5545344561.36,nport,S&P 500 Index / Total Return Swap,n/a,N/A,2022:3.0,2022:ProShares UltraPro S&P500
SLL,Defiance,,2.0,daily,active,S000104716,Defiance Daily Target 2X Long SIL ETF,Tidal Trust II,0001924868,index,SIL,True,0,,,,,listed_no_nport_yet,,n/a,,2026:2.0,2026:Defiance Daily Target 2X Long SIL ETF
SLVJ,Defiance,,2.0,daily,active,S000104717,Defiance Daily Target 2X Long SILJ ETF,Tidal Trust II,0001924868,index,SILJ,True,0,,,,,listed_no_nport_yet,,n/a,,2026:2.0,2026:Defiance Daily Target 2X Long SILJ ETF
UAPIX,ProFunds,,2.0,daily,active,S000003064,ULTRA SMALL CAP PROFUND,ProFunds,0001039803,index,SMALL CAP PROFUND,True,16,2022-07-31,2026-04-30,58047541.45,67964238.28,nport,UAPIX_RTY_GOLDMAN || UAPIX_RTY_UBS || UAPIX_IWM_GOLDMAN,n/a,Russell 2000 Index,2022:None,2022:ULTRASMALL-CAP PROFUND
UCPIX,ProFunds,,-2.0,daily,active,S000003082,ULTRASHORT SMALL-CAP PROFUND,ProFunds,0001039803,index,SMALL-CAP PROFUND,True,16,2022-07-31,2026-04-30,2826123.12,8800767.04,nport,"UCPIX_RTY_UBS || UCPIX_RTY_GOLDMAN || HSBC SECURITIES (USA), INC. B 3.5 , 5/01/2026",n/a,Russell 2000 Index,2022:-2.0,2022:ULTRASHORT SMALL-CAP PROFUND
SOXS,Direxion,,-3.0,daily,active,S000027921,Direxion Daily Semiconductor Bear 3X Shares,Direxion Shares ETF Trust,0001424958,index,Semiconductor,True,16,2022-07-31,2026-04-30,1851362959.19,1851362959.19,nport,ICE SEMICONDUCTOR INDEX SWAP,n/a,,2022:-3.0; 2026:-3.0,2022:Direxion Daily Semiconductor Bear 3X Shares; 2026:Direxion Daily Semiconductor Bear 3X ETF
SOXL,Direxion,,3.0,daily,active,S000027920,Direxion Daily Semiconductor Bull 3X Shares,Direxion Shares ETF Trust,0001424958,index,Semiconductor,True,16,2022-07-31,2026-04-30,16949863399.3,16949863399.3,nport,ICE SEMICONDUCTOR INDEX SWAP,n/a,,2022:3.0; 2026:3.0,2022:Direxion Daily Semiconductor Bull 3X Shares; 2026:Direxion Daily Semiconductor Bull 3X ETF
SSG,ProShares,,-2.0,daily,active,S000014307,ProShares UltraShort Semiconductors,PROSHARES TRUST,0001174610,index,Semiconductors,True,17,2022-05-31,2026-05-31,38977912.89,38977912.89,nport,Dow Jones U.S. SemiconductorsSM Index / Total Return Swap,n/a,Dow Jones U.S. Semiconductors Index,2022:-2.0,2022:ProShares UltraShort Semiconductors
USD,ProShares,,2.0,daily,active,S000014258,ProShares Ultra Semiconductors,PROSHARES TRUST,0001174610,index,Semiconductors,True,17,2022-05-31,2026-05-31,3045034170.47,3045034170.47,nport,Dow Jones U.S. SemiconductorsSM Index / Total Return Swap,n/a,Dow Jones U.S. Semiconductors Index,2022:2.0,2022:ProShares Ultra Semiconductors
TSXD,Direxion,,-2.0,daily,active,S000092911,Direxion Daily Semiconductors Top 5 Bear 2X ETF,Direxion Shares ETF Trust,0001424958,index,Semiconductors Top 5,True,3,2025-10-31,2026-04-30,1099132.29,1702126.22,nport,DX D SMICO TOP 5 BULL 2X ETF  SWAP,n/a,NYSE Semiconductor Top 5 Equal Weight Index,2025:-1.0; 2026:-2.0,2025:Direxion Daily Super Sector Semiconductors Bear 1X Shares; 2026:Direxion Daily Semiconductors Top 5 Bear 2X ETF
TSXU,Direxion,,2.0,daily,active,S000092910,Direxion Daily Semiconductors Top 5 Bull 2X ETF,Direxion Shares ETF Trust,0001424958,index,Semiconductors Top 5,True,3,2025-10-31,2026-04-30,8050064.59,8050064.59,nport,DX D SMICO TOP 5 BULL 2X ETF  SWAP,n/a,NYSE Semiconductor Top 5 Equal Weight Index,2025:2.0; 2026:2.0,2025:Direxion Daily Super Sector Semiconductors Bull 2X Shares; 2026:Direxion Daily Semiconductors Top 5 Bull 2X ETF
VALT,ETFMG,,-2.0,unknown,closed,S000065810,ETFMG Sit Ultra Short ETF,ETF Managers Trust,0001467831,index,Sit,False,8,2021-09-30,2023-06-30,88578395.06,242560203.57,nport,,n/a,,2022:-2.0,2022:ETFMG Sit Ultra Short ETF
TZA,Direxion,,-3.0,daily,active,S000022770,Direxion Daily Small Cap Bear 3X Shares,Direxion Shares ETF Trust,0001424958,index,Small Cap,True,16,2022-07-31,2026-04-30,265843215.23,543931036.45,nport,RUSS 2000 INDX SMALL SWAP,n/a,,2022:-3.0; 2026:-3.0,2022:Direxion Daily Small Cap Bear 3X Shares; 2026:Direxion Daily Small Cap Bear 3X ETF
TNA,Direxion,,3.0,daily,active,S000022786,Direxion Daily Small Cap Bull 3X Shares,Direxion Shares ETF Trust,0001424958,index,Small Cap,True,16,2022-07-31,2026-04-30,1500351806.64,3139886806.8,nport,ISHARES MSCI EAFE SMALL-CAP / ISHARES RUSSELL 2000 ETFINDEX FUND || RUSS 2000 INDX SMALL SWAP,n/a,,2022:3.0; 2026:3.0,2022:Direxion Daily Small Cap Bull 3X Shares; 2026:Direxion Daily Small Cap Bull 3X ETF
SDD,ProShares,,-2.0,daily,active,S000014288,ProShares UltraShort SmallCap600,PROSHARES TRUST,0001174610,index,SmallCap600,True,17,2022-05-31,2026-05-31,1435971.5,4815908.73,nport,S&P SmallCap 600 Index / Total Return Swap,n/a,S&P SmallCap 600,2022:-2.0,2022:ProShares UltraShort SmallCap600
SBB,ProShares,,-1.0,daily,active,S000014264,ProShares Short SmallCap600,PROSHARES TRUST,0001174610,index,SmallCap600,True,17,2022-05-31,2026-05-31,3616712.71,30060537.14,nport,Repurchase Agreement / Repurchase Agreement || S&P SmallCap 600 Index / Total Return Swap,n/a,S&P SmallCap 600,2022:-1.0,2022:ProShares Short SmallCap600
SAA,ProShares,,2.0,daily,active,S000014259,ProShares Ultra SmallCap600,PROSHARES TRUST,0001174610,index,SmallCap600,True,17,2022-05-31,2026-05-31,27010931.36,44324801.86,nport,S&P SmallCap 600 Index / Total Return Swap,n/a,S&P SmallCap 600,2022:2.0,2022:ProShares Ultra SmallCap600
SWAR,Direxion,,2.0,daily,closed,S000073593,Direxion Daily Software Bull 2X Shares,Direxion Shares ETF Trust,0001424958,index,Software,False,3,2022-07-31,2023-01-31,4094649.53,4094649.53,nport,S&P NA EXPANDED TECHNOLOGY SOFTWARE INDEX SWAP || Salesforce Inc / Salesforce Inc COM USD0.001,n/a,S&P North American Expanded Technology Software Index (USD) TR (Custom) Index,2022:2.0,2022:Direxion Daily Software Bull 2X Shares
SOFL,,,2.0,daily,closed,S000093429,2x Daily Software Platform ETF,Tidal Trust III,0001722388,index,Software Platform,True,1,2025-09-30,2025-09-30,1131172.19,1131172.19,nport,common stock / SOFTT INDEX MAREX INC - L- MAREX,n/a,NYSE FANG+ Total Return Index,2025:2.0; 2026:2.0,2025:2X Software ETF; 2026:2x Daily Software Platform ETF
TANX,Defiance,,2.0,daily,active,S000085122,Defiance Daily Target 2X Long Solar ETF,Tidal Trust II,0001924868,index,Solar,True,0,,,,,listed_no_nport_yet,,n/a,,2024:2.0,2024:Defiance Daily Target 2X Long Solar ETF
SPAZ,Defiance,,-2.0,daily,active,S000105657,Defiance 2X Daily Short Pure Space Index ETF,Tidal Trust II,0001924868,index,Space Index,True,0,,,,,listed_no_nport_yet,,n/a,,2026:-2.0,2026:Defiance 2X Daily Short Pure Space Index ETF
SPCL,Defiance,,2.0,daily,active,S000102403,Defiance Pure Space Daily 2x Strategy ETF,Tidal Trust II,0001924868,index,Space Strategy,True,1,2026-04-30,2026-04-30,1076956.63,1076956.63,nport,"common stock / VIASAT, INC.-SWAP-MREX-L || common stock / AST SPACEMOBILE, INC.-SWAP-MREX-L || common stock / ROCKET LAB CORPORATION-SWAP-MREX-L",n/a,BITA Tactical Exposure US Aviation Ecosystem,2026:2.0,2026:Defiance Pure Space Daily 2X Strategy ETF
TIPD,Direxion,,-2.0,daily,closed,S000075772,Direxion Daily TIPS Bear 2X Shares,Direxion Shares ETF Trust,0001424958,index,TIPS,False,3,2022-07-31,2023-01-31,6614971.9,7530674.83,nport,ISHARES TIPS BOND ETF SWAP,n/a,Solactive TIPS ETF Index TR Index,2022:-2.0,2022:Direxion Daily TIPS Bear 2X Shares
TIPL,Direxion,,2.0,daily,closed,S000075771,Direxion Daily TIPS Bull 2X Shares,Direxion Shares ETF Trust,0001424958,index,TIPS,False,3,2022-07-31,2023-01-31,6076911.08,8493949.46,nport,ISHARES TIPS BOND ETF SWAP || ISHARES LEHMAN 20+ YEARS TREASURY BOND F / iShares TIPS Bond ETF,n/a,Solactive TIPS ETF Index TR Index,2022:2.0,2022:Direxion Daily TIPS Bull 2X Shares
TECS,Direxion,,-3.0,daily,active,S000023810,Direxion Daily Technology Bear 3X Shares,Direxion Shares ETF Trust,0001424958,index,Technology,True,16,2022-07-31,2026-04-30,85075374.0,164216850.5,nport,TECHNOLOGY SELECT SECTOR INDEX SWAP,n/a,,2022:-3.0; 2026:-3.0,2022:Direxion Daily Technology Bear 3X Shares; 2026:Direxion Daily Technology Bear 3X ETF
REW,ProShares,,-2.0,daily,active,S000014308,ProShares UltraShort Technology,PROSHARES TRUST,0001174610,index,Technology,True,17,2022-05-31,2026-05-31,2540167.53,17869756.67,nport,Technology Select Sector Index / Total Return Swap,n/a,Dow Jones U.S. Technology Index,2022:-2.0,2022:ProShares UltraShort Technology
ROM,ProShares,,2.0,daily,active,S000014260,ProShares Ultra Technology,PROSHARES TRUST,0001174610,index,Technology,True,17,2022-05-31,2026-05-31,1356948404.61,1356948404.61,nport,Technology Select Sector Index / Total Return Swap,n/a,Dow Jones U.S. Technology Index,2022:2.0,2022:ProShares Ultra Technology
TECL,Direxion,,3.0,daily,active,S000023809,Direxion Daily Technology Bull 3X Shares,Direxion Shares ETF Trust,0001424958,index,Technology,True,16,2022-07-31,2026-04-30,4736593813.31,4789001374.55,nport,TECHNOLOGY SELECT SECTOR INDEX SWAP,n/a,,2022:3.0; 2026:3.0,2022:Direxion Daily Technology Bull 3X Shares; 2026:Direxion Daily Technology Bull 3X ETF
TTXD,Direxion,,-2.0,daily,active,S000092935,Direxion Daily Technology Top 5 Bear 2X ETF,Direxion Shares ETF Trust,0001424958,index,Technology Top 5,True,3,2025-10-31,2026-04-30,2514479.52,3194359.57,nport,DIREXION TECH T5 BULL 2X ETF  SWAP,n/a,S&P 500 Information Technology (Sector) Top 5 Equal Capped Index (USD),2025:-1.0; 2026:-2.0,2025:Direxion Daily Super Sector Technology Bear 1X Shares; 2026:Direxion Daily Technology Top 5 Bear 2X ETF
TTXU,Direxion,,2.0,daily,active,S000092934,Direxion Daily Technology Top 5 Bull 2X ETF,Direxion Shares ETF Trust,0001424958,index,Technology Top 5,True,3,2025-10-31,2026-04-30,3775609.54,4703290.32,nport,DIREXION TECH T5 BULL 2X ETF  SWAP,n/a,S&P 500 Information Technology (Sector) Top 5 Equal Capped Index (USD),2025:2.0; 2026:2.0,2025:Direxion Daily Super Sector Technology Bull 2X Shares; 2026:Direxion Daily Technology Top 5 Bull 2X ETF
TPOR,Direxion,,3.0,daily,active,S000057169,Direxion Daily Transportation Bull 3X Shares,Direxion Shares ETF Trust,0001424958,index,Transportation,True,16,2022-07-31,2026-04-30,18039192.22,35548208.57,nport,S&P TRANSPORTATION SEL IND FMC CAP INDEX SWAP || S&P Transportation Sel Ind FMC Cap Index SWAP,n/a,,2022:3.0; 2026:3.0,2022:Direxion Daily Transportation Bull 3X Shares; 2026:Direxion Daily Transportation Bull 3X ETF
AWYX,ETFMG,,2.0,daily,closed,S000072016,ETFMG 2x Daily Travel Tech ETF,ETF Managers Trust,0001467831,index,Travel Tech,False,4,2022-06-30,2023-03-31,256854.55,307716.35,nport,ETFMG Travel Tech ETF / ETFMG Travel Tech ETF / 26924G771 TRS 062023,n/a,Prime Travel Technology Index NTR,2022:2.0,2022:ETFMG 2x Daily Travel Tech ETF
OOTO,Direxion,,2.0,daily,closed,S000072081,Direxion Daily Travel & Vacation Bull 2X Shares,Direxion Shares ETF Trust,0001424958,index,Travel Vacation,False,12,2022-07-31,2025-04-30,3869429.33,26527525.5,nport,BLUESTAR TRAVEL AND VACATION INDEX SWAP || Booking Holdings Inc / Booking Holdings Inc COM USD0.008,n/a,BlueStar Travel and Vacation Index Total Return Index,2022:2.0,2022:Direxion Daily Travel & Vacation Bull 2X Shares
DOZR,Direxion,,2.0,daily,closed,S000073589,Direxion Daily US Infrastructure Bull 2X Shares,Direxion Shares ETF Trust,0001424958,index,US Infrastructure,False,3,2022-07-31,2023-01-31,3014423.9,5612060.79,nport,INFRASTRUCTURE BULL 2X SWAP || Scorpio Tankers Inc / Scorpio Tankers Inc COM USD0.01(POST REV SPLIT),n/a,Indxx US Infrastructure Index NTR Index,2022:2.0,2022:Direxion Daily US Infrastructure Bull 2X Shares
SDP,ProShares,,-2.0,daily,active,S000014310,ProShares UltraShort Utilities,PROSHARES TRUST,0001174610,index,Utilities,True,17,2022-05-31,2026-05-31,4415811.47,4415811.47,nport,Utilities Select Sector Index / Total Return Swap,n/a,Dow Jones U.S. Utilities Index,2022:-2.0,2022:ProShares UltraShort Utilities
UPW,ProShares,,2.0,daily,active,S000014262,ProShares Ultra Utilities,PROSHARES TRUST,0001174610,index,Utilities,True,17,2022-05-31,2026-05-31,19270372.8,23880221.41,nport,Utilities Select Sector Index / Total Return Swap,n/a,Dow Jones U.S. Utilities Index,2022:2.0,2022:ProShares Ultra Utilities
UTSL,Direxion,,3.0,daily,active,S000027476,Direxion Daily Utilities Bull 3X Shares,Direxion Shares ETF Trust,0001424958,index,Utilities,True,16,2022-07-31,2026-04-30,43481489.64,59255273.67,nport,UTILITIES SELECT SECTOR INDEX SWAP,n/a,,2022:3.0; 2026:3.0,2022:Direxion Daily Utilities Bull 3X Shares; 2026:Direxion Daily Utilities Bull 3X ETF
VAVL,Defiance,,2.0,daily,active,S000104917,Defiance Daily Target 2X Long VAVX ETF,Tidal Trust II,0001924868,index,VAVX,True,0,,,,,listed_no_nport_yet,,n/a,,2026:2.0,2026:Defiance Daily Target 2X Long VAVX ETF
,Leverage Shares,,2.0,daily,closed,S000100609,Leverage Shares 2X Long World Stock Daily ETF,Themes ETF Trust,0001976322,index,World Stock,False,1,2026-04-30,2026-04-30,2542911.03,2542911.03,nport,Vanguard Total World Stock ETF / Vanguard Total World Stock ETF / VANGUARD INTL EQUITY INEX SWAP CANTOR || Vanguard Total World Stock ETF / Vanguard Total World Stock ETF / VANGUARD INTL EQUITY INEX SWAP CLEAR STREET || Vanguard Total World Stock ETF / Vanguard Total World Stock ETF / VANGUARD INTL EQUITY INEX SWAP MAREX,n/a,VT US,2026:2.0,2026:Leverage Shares 2X Long World Stock Daily ETF
XOVL,Defiance,,2.0,daily,active,S000102152,Defiance Daily Target 2X Long XOVR ETF,Tidal Trust II,0001924868,index,XOVR,True,0,,,,,listed_no_nport_yet,,n/a,,2026:2.0,2026:Defiance Daily Target 2X Long XOVR ETF
KSMX,,,2.0,daily,active,S000107545,xETFS 2x Long Daily Korea AI Semiconductor ETF,Listed Funds Trust,0001683471,index,xETFS Korea AI Semiconductor,True,0,,,,,listed_no_nport_yet,,n/a,,2026:2.0,2026:xETFS 2x Long Daily Korea AI Semiconductor ETF
