series_id,series_name,trust,underlying,leverage_parsed,leverage_values_seen,reset,ticker,price_ticker,price_from,price_to,first_date,last_date,active_from,active_to,nport_first,nport_last,nport_n,na_max,has_exact,beta,r2,lev_check,share_beta_leverage,all_names,all_tickers
S000091218,Leverage Shares 2X Long AAL Daily ETF,Themes ETF Trust,AAL,2.0,2,daily,AALG,AALG,2025-07-14,2026-05-29,2025-07-11,2026-09-23,2025-03-31,2026-05-30,2025-07-31,2026-04-30,4.0,4075837.23,False,1.9896611654210208,0.9955131384557504,ok,1.0,Leverage Shares 2X Long AAL Daily ETF,AALG
S000100913,Tradr 2X Long AAOI Daily ETF,Investment Managers Series Trust II,AAOI,2.0,2,daily,AAOX,AAOX,2026-03-25,2026-05-29,2026-03-24,2026-09-23,2025-12-30,2026-05-30,2026-04-30,2026-04-30,1.0,334120092.47,False,1.9840027910310585,0.9989060680918982,ok,1.0,Tradr 2X Long AAOI Daily ETF,AAOX
S000076244,Direxion Daily AAPL Bear 1X ETF,Direxion Shares ETF Trust,AAPL,-1.0,-1,daily,AAPD,AAPD,2022-08-11,2026-05-29,2022-08-10,2026-09-23,2022-06-30,2026-05-30,2022-10-31,2026-04-30,15.0,36563023.67,False,-0.9965122812555534,0.9963928670571884,ok,1.0,Direxion Daily AAPL Bear 1X Shares | Direxion Daily AAPL Bear 1X ETF,AAPD
S000076233,Direxion Daily AAPL Bull 2X ETF,Direxion Shares ETF Trust,AAPL,2.0,"1.5,2",daily,AAPU,AAPU,2022-08-10,2026-05-29,2022-08-09,2026-09-23,2022-06-30,2026-05-30,2022-10-31,2026-04-30,15.0,271848036.12,False,1.8098544298696504,0.9816237398786248,ok+beta_varies,1.0,Direxion Daily AAPL Bull 2X Shares | Direxion Daily AAPL Bull 1.5X Shares | Direxion Daily AAPL Bull 2X ETF,AAPU
S000076355,GraniteShares 2x Long AAPL Daily ETF,GraniteShares ETF Trust,AAPL,2.0,"1.75,2",daily,AAPB,AAPB,2022-08-11,2026-09-23,2022-08-10,2026-09-23,2022-05-30,2026-09-23,2022-09-30,2026-06-30,16.0,35995188.01,True,1.9061514504078676,0.9916692118133236,ok,1.0,GraniteShares 2x Long Apple Daily ETF | GraniteShares 1.75x Long AAPL Daily ETF | GraniteShares 2x Long AAPL Daily ETF,AAPB
S000083676,T-REX 2X LONG APPLE DAILY TARGET ETF,ETF Opportunities Trust,AAPL,2.0,"1.75,2",daily,AAPX,AAPX,2024-01-12,2026-07-30,2024-01-11,2026-09-23,2023-11-30,2026-07-30,2024-03-31,2026-06-30,10.0,19348034.79,False,1.987878065910844,0.9942290982087094,ok,1.0,T-REX 2X LONG APPLE DAILY TARGET ETF,AAPX
S000091891,Tradr 2X Long ACHR Daily ETF,Investment Managers Series Trust II,ACHR,2.0,2,daily,ARCX,ARCX,2025-06-11,2026-07-30,2025-06-10,2026-09-23,2025-02-28,2026-07-30,2025-06-30,2026-06-30,5.0,22397643.72,False,1.987358221541581,0.9928747609246654,ok,1.0,Tradr 2X Long ACHR Daily ETF,ARCX
S000091233,Leverage Shares 2X Long ADBE Daily ETF,Themes ETF Trust,ADBE,2.0,"1.75,2",daily,ADBG,ADBG,2025-03-24,2026-05-29,2025-03-21,2026-09-23,2024-12-30,2026-05-30,2025-04-30,2026-04-30,5.0,38480087.04,False,1.996568371312916,0.9954450001677028,ok,0.9798657718120806,Leverage Shares 2X Long ADBE Daily ETF,ADBG
S000094236,Direxion Daily ADBE Bull 2X ETF,Direxion Shares ETF Trust,ADBE,2.0,2,daily,ADBU,ADBU,2026-03-26,2026-05-29,2026-03-25,2026-09-23,2025-12-30,2026-05-30,2026-04-30,2026-04-30,1.0,3860922.57,False,2.011097233411915,0.9972739512787608,ok,1.0,Direxion Daily ADBE Bull 2X ETF,ADBU
S000093883,T-REX 2X LONG AFRM DAILY TARGET ETF,ETF Opportunities Trust,AFRM,2.0,2,daily,AFRU,AFRU,2025-09-17,2026-07-30,2025-09-16,2026-09-23,2025-05-30,2026-07-30,2025-09-30,2026-06-30,4.0,4423433.65,False,1.977224783117108,0.9880832611220064,ok,1.0,T-REX 2X LONG AFRM DAILY TARGET ETF,AFRU
S000091893,Tradr 2X Long ALAB Daily ETF,Investment Managers Series Trust II,ALAB,2.0,2,daily,LABX,LABX,2025-08-13,2026-07-30,2025-08-12,2026-09-23,2025-05-30,2026-07-30,2025-09-30,2026-06-30,4.0,136298928.08,False,2.003781053710702,0.9976280974222334,ok,1.0,Tradr 2X Long ALAB Daily ETF,LABX
S000088058,Direxion Daily AMD Bear 1X ETF,Direxion Shares ETF Trust,AMD,-1.0,-1,daily,AMDD,AMDD,2025-02-13,2026-05-29,2025-02-12,2026-09-23,2024-12-30,2026-05-30,2025-04-30,2026-04-30,5.0,24243220.42,False,-1.0054438169001767,0.9962303782550794,ok,0.9779874213836478,Direxion Daily AMD Bear 1X Shares | Direxion Daily AMD Bear 1X ETF,AMDD
S000076350,GraniteShares 2x Long AMD Daily ETF,GraniteShares ETF Trust,AMD,2.0,2,daily,AMDL,AMDL,2024-03-19,2026-09-23,2024-03-18,2026-09-23,2023-11-30,2026-09-23,2024-03-31,2026-06-30,10.0,1661346362.67,True,2.001651437407386,0.9987717661622818,ok,0.9984126984126984,GraniteShares 2x Long AMD Daily ETF | GraniteShares 1.25x Long AMD Daily ETF,AMDL
S000086639,Leverage Shares 2X Long AMD Daily ETF,Themes ETF Trust,AMD,2.0,2,daily,AMDG,AMDG,2025-01-27,2026-05-29,2025-01-24,2026-09-23,2024-09-30,2026-05-30,2025-01-31,2026-04-30,6.0,28595215.81,False,2.0048772183683945,0.998026459231334,ok,1.0,Leverage Shares 2X Long AMD Daily ETF,AMDG
S000088048,Direxion Daily AMD Bull 2X ETF,Direxion Shares ETF Trust,AMD,2.0,2,daily,AMUU,AMUU,2025-04-04,2026-05-29,2025-04-03,2026-09-23,2024-12-30,2026-05-30,2025-04-30,2026-04-30,5.0,74172662.53,False,2.003913685951673,0.9987373082021214,ok,1.0,Direxion Daily AMD Bull 2X Shares | Direxion Daily AMD Bull 2X ETF,AMUU
S000100828,Tradr 2X Short AMZN Daily ETF,Investment Managers Series Trust II,AMZN,-2.0,-2,daily,AMZO,AMZO,2026-03-25,2026-07-30,2026-03-24,2026-09-23,2025-11-30,2026-07-30,2026-03-31,2026-06-30,2.0,1087568.51,False,-1.984147659761656,0.9968221251397498,ok,1.0,Tradr 2X Short AMZN Daily ETF,AMZO
S000076246,Direxion Daily AMZN Bear 1X ETF,Direxion Shares ETF Trust,AMZN,-1.0,-1,daily,AMZD,AMZD,2022-09-09,2026-05-29,2022-09-08,2026-09-23,2022-06-30,2026-05-30,2022-10-31,2026-04-30,15.0,14632222.52,False,-0.9965517197770029,0.9973434466958834,ok,1.0,Direxion Daily AMZN Bear 1X Shares | Direxion Daily AMZN Bear 1X ETF,AMZD
S000076237,Direxion Daily AMZN Bull 2X ETF,Direxion Shares ETF Trust,AMZN,2.0,"1.5,1.75,2",daily,AMZU,AMZU,2022-09-08,2026-05-29,2022-09-07,2026-09-23,2022-06-30,2026-05-30,2022-10-31,2026-04-30,15.0,490277710.51,False,1.7719387677635874,0.9788303054297732,ok+beta_varies,1.0,Direxion Daily AMZN Bull 2X Shares | Direxion Daily AMZN Bull 1.5X Shares | Direxion Daily AMZN Bull 2X ETF,AMZU
S000076354,GraniteShares 2x Long AMZN Daily ETF,GraniteShares ETF Trust,AMZN,2.0,2,daily,AMZZ,AMZZ,2024-03-19,2026-09-23,2024-03-18,2026-09-23,2023-11-30,2026-09-23,2024-03-31,2026-06-30,10.0,65434371.69,True,1.9896748170396852,0.9966585737909588,ok,1.0,GraniteShares 2x Long Amazon Daily ETF | GraniteShares 1.5x Long AMZN Daily ETF | GraniteShares 2x Long AMZN Daily ETF,AMZZ
S000098202,T-REX 2X LONG APH DAILY TARGET ETF,ETF Opportunities Trust,APH,2.0,2,daily,APHU,APHU,2026-02-19,2026-07-30,2026-02-18,2026-09-23,2025-11-30,2026-07-30,2026-03-31,2026-06-30,2.0,3421516.7,False,1.991608521369564,0.9898472237658535,ok,1.0,T-REX 2X LONG APH DAILY TARGET ETF,APHU
S000100830,Tradr 2X Short APLD Daily ETF,Investment Managers Series Trust II,APLD,-2.0,-2,daily,APLZ,APLZ,2026-01-23,2026-07-30,2026-01-22,2026-09-23,2025-11-30,2026-07-30,2026-03-31,2026-06-30,2.0,4840642.11,False,-1.9965790011674336,0.9986134601663404,ok,1.0,Tradr 2X Short APLD Daily ETF,APLZ
S000095051,Tradr 2X Long APLD Daily ETF,Investment Managers Series Trust II,APLD,2.0,2,daily,APLX,APLX,2025-09-10,2026-07-30,2025-09-09,2026-09-23,2025-05-30,2026-07-30,2025-09-30,2026-06-30,4.0,60897511.02,False,1.988670507536305,0.9983989885714972,ok,1.0,Tradr 2X Long APLD Daily ETF,APLX
S000091894,Tradr 2X Long APP Daily ETF,Investment Managers Series Trust II,APP,2.0,2,daily,APPX,APPX,2025-04-28,2026-07-30,2025-04-25,2026-09-23,2025-02-28,2026-07-30,2025-06-30,2026-06-30,5.0,118435837.36,False,1.985681765254609,0.9986586280219364,ok,1.0,Tradr 2X Long APP Daily ETF,APPX
S000086640,Leverage Shares 2X Long ARM Daily ETF,Themes ETF Trust,ARM,2.0,2,daily,ARMG,ARMG,2025-01-15,2026-05-29,2025-01-14,2026-09-23,2024-09-30,2026-05-30,2025-01-31,2026-04-30,6.0,63707600.81,False,1.9991960936389863,0.9990316892238992,ok,1.0,Leverage Shares 2X Long ARM Daily ETF,ARMG
S000087463,T-REX 2X LONG ARM DAILY TARGET ETF,ETF Opportunities Trust,ARM,2.0,,daily,ARMU,,,,,,2024-11-30,2026-01-31,2025-03-31,2025-12-31,4.0,2577808.56,False,,,no_prices,,T-REX 2X LONG ARM DAILY TARGET ETF,ARMU
S000086641,Leverage Shares 2X Long ASML Daily ETF,Themes ETF Trust,ASML,2.0,2,daily,ASMG,ASMG,2025-01-15,2026-05-29,2025-01-14,2026-09-23,2024-09-30,2026-05-30,2025-01-31,2026-04-30,6.0,43753296.24,False,1.9863971556499147,0.9966193933562904,ok,1.0,Leverage Shares 2X Long ASML Daily ETF,ASMG
S000092925,Direxion Daily ASML Bull 2X ETF,Direxion Shares ETF Trust,ASML,2.0,2,daily,ASMU,ASMU,2026-02-12,2026-05-29,2026-02-11,2026-09-23,2025-12-30,2026-05-30,2026-04-30,2026-04-30,1.0,6648722.41,False,1.9897452954752777,0.9959112053300908,ok,1.0,Direxion Daily ASML Bull 2X Shares | Direxion Daily ASML Bull 2X ETF,ASMU
S000093731,Tradr 2X Long ASTS Daily ETF,Investment Managers Series Trust II,ASTS,2.0,2,daily,ASTX,ASTX,2025-07-14,2026-07-30,2025-07-11,2026-09-23,2025-05-30,2026-07-30,2025-09-30,2026-06-30,4.0,601492126.8,False,1.988364864369996,0.9989964733364464,ok,1.0,Tradr 2X Long ASTS Daily ETF,ASTX
S000103136,Defiance Daily Target 2X Long ASTS ETF,Tidal Trust II,ASTS,2.0,2,daily,ASTY,ASTY,2026-05-22,2026-07-30,2026-05-21,2026-09-23,2026-02-28,2026-07-30,2026-06-30,2026-06-30,1.0,15492413.48,False,1.9953044145798624,0.9988813433923568,ok,1.0,Defiance Daily Target 2X Long ASTS ETF,ASTY
S000088060,Direxion Daily AVGO Bear 1X ETF,Direxion Shares ETF Trust,AVGO,-1.0,-1,daily,AVS,AVS,2024-10-11,2026-05-29,2024-10-10,2026-09-23,2024-06-30,2026-05-30,2024-10-31,2026-04-30,7.0,11628306.84,False,-0.9929135790715125,0.9832060928889322,ok,0.9872122762148338,Direxion Daily AVGO Bear 1X Shares | Direxion Daily AVGO Bear 1X ETF,AVS
S000085139,Defiance Daily Target 2X Long AVGO ETF,Tidal Trust II,AVGO,2.0,2,daily,AVGX,AVGX,2024-08-23,2026-05-29,2024-08-22,2026-09-23,2024-06-30,2026-05-30,2024-10-31,2026-04-30,7.0,228032959.92,False,1.981312679496787,0.9988976557805734,ok,1.0,Defiance Daily Target 2X Long PANW ETF | Defiance Daily Target 2X Long AVGO ETF,PANX | AVGX
S000087464,T-REX 2X LONG AVGO DAILY TARGET ETF,ETF Opportunities Trust,AVGO,2.0,2,daily,AVGU,AVGU,2025-07-16,2026-09-23,2025-07-15,2026-09-23,2025-07-15,2026-09-23,,,,,True,1.9994659592163115,0.9964178580818546,ok,1.0,T-REX 2X LONG AVGO DAILY TARGET ETF,AVGU
S000088059,Direxion Daily AVGO Bull 2X ETF,Direxion Shares ETF Trust,AVGO,2.0,2,daily,AVL,AVL,2024-10-11,2026-05-29,2024-10-10,2026-09-23,2024-06-30,2026-05-30,2024-10-31,2026-04-30,7.0,188507190.49,False,1.9882081381719812,0.9986309934919816,ok,1.0,Direxion Daily AVGO Bull 2X Shares | Direxion Daily AVGO Bull 2X ETF,AVL
S000088314,GraniteShares 2x Long AVGO Daily ETF,GraniteShares ETF Trust,AVGO,2.0,2,daily,AVGU,AVGU,2025-07-16,2026-09-23,2025-07-15,2026-09-23,2025-05-30,2026-09-23,2025-09-30,2026-06-30,4.0,35646974.53,True,1.9994659592163115,0.9964178580818546,ok,1.0,GraniteShares 2x Long AVGO Daily ETF,AVGU
S000091235,Leverage Shares 2X Long AVGO Daily ETF,Themes ETF Trust,AVGO,2.0,2,daily,AVGG,AVGG,2025-05-19,2026-05-29,2025-05-16,2026-09-23,2025-03-31,2026-05-30,2025-07-31,2026-04-30,4.0,39071180.1,False,1.997921452157188,0.9974736260412532,ok,1.0,Leverage Shares 2X Long AVGO Daily ETF,AVGG
S000093892,T-REX 2X LONG AXON DAILY TARGET ETF,ETF Opportunities Trust,AXON,2.0,,daily,AXUP,,,,,,2025-05-30,2026-01-31,2025-09-30,2025-12-31,2.0,2312865.53,False,,,no_prices,,T-REX 2X LONG AXON DAILY TARGET ETF,AXUP
S000089802,Defiance Daily Target 2X Long B ETF,Tidal Trust II,B,2.0,,daily,BU,,,,,,2025-09-30,2026-05-30,2026-01-31,2026-04-30,2.0,823864.57,False,,,no_prices,,Defiance Daily Target 2X Long GOLD ETF | Defiance Daily Target 2X Long B ETF,GOLX | BU
S000088062,Direxion Daily BA Bear 1X ETF,Direxion Shares ETF Trust,BA,-1.0,,daily,BOED,,,,,,2024-12-30,2026-02-28,2025-04-30,2026-01-31,4.0,2460269.5,False,,,no_prices,,Direxion Daily BA Bear 1X Shares | Direxion Daily BA Bear 1X ETF,BOED
S000086642,Leverage Shares 2X Long BA Daily ETF,Themes ETF Trust,BA,2.0,2,daily,BOEG,BOEG,2025-06-16,2026-05-29,2025-06-13,2026-09-23,2025-03-31,2026-05-30,2025-07-31,2026-04-30,4.0,4620096.59,False,1.9895773042515863,0.9896536262856096,ok,1.0,Leverage Shares 2X Long BA Daily ETF,BOEG
S000088061,Direxion Daily BA Bull 2X ETF,Direxion Shares ETF Trust,BA,2.0,2,daily,BOEU,BOEU,2025-04-24,2026-05-29,2025-04-23,2026-09-23,2024-12-30,2026-05-30,2025-04-30,2026-04-30,5.0,25168849.36,False,1.984874948829131,0.9942334130497736,ok,1.0,Direxion Daily BA Bull 2X Shares | Direxion Daily BA Bull 2X ETF,BOEU
S000076352,GraniteShares 2x Long BABA Daily ETF,GraniteShares ETF Trust,BABA,2.0,"1.75,2",daily,BABX,BABX,2022-12-14,2026-09-23,2022-12-13,2026-09-23,2022-08-31,2026-09-23,2022-12-31,2026-06-30,15.0,216675273.76,True,1.93846072035304,0.9949539038911006,ok,1.0,GraniteShares 2x Long Alibaba Daily ETF | GraniteShares 1.75x Long BABA Daily ETF | GraniteShares 2x Long BABA Daily ETF,BABX
S000089268,KraneShares 2x Long BABA Daily ETF,Krane Shares Trust,BABA,2.0,2,daily,KBAB,KBAB,2025-03-13,2026-07-30,2025-03-12,2026-09-23,2024-11-30,2026-07-30,2025-03-31,2026-06-30,6.0,5327613.05,False,2.007879871402166,0.998093249067115,ok,1.0,KraneShares 2x Long BABA Daily ETF,KBAB
S000092939,Direxion Daily BABA Bull 2X ETF,Direxion Shares ETF Trust,BABA,2.0,2,daily,BABU,BABU,2026-02-13,2026-05-29,2026-02-12,2026-09-23,2025-12-30,2026-05-30,2026-04-30,2026-04-30,1.0,3314418.42,False,2.016334384429415,0.9971715753781342,ok,1.0,Direxion Daily BABA Bull 2X Shares | Direxion Daily BABA Bull 2X ETF,BABU
S000093823,Leverage Shares 2X Long BBAI Daily ETF,Themes ETF Trust,BBAI,2.0,2,daily,BAIG,BAIG,2025-08-22,2026-05-29,2025-08-21,2026-09-23,2025-06-30,2026-05-30,2025-10-31,2026-04-30,3.0,23386861.2,False,2.0055544410428987,0.9930258635158408,ok,1.0,Leverage Shares 2X Long BBAI Daily ETF,BAIG
S000100831,Tradr 2X Short BE Daily ETF,Investment Managers Series Trust II,BE,-2.0,-2,daily,BEZ,BEZ,2026-02-12,2026-07-30,2026-02-11,2026-09-23,2025-11-30,2026-07-30,2026-03-31,2026-06-30,2.0,10101641.53,False,-1.9986102732199995,0.998423821430876,ok,1.0,Tradr 2X Short BE Daily ETF,BEZ
S000096127,Tradr 2X Long BE Daily ETF,Investment Managers Series Trust II,BE,2.0,2,daily,BEX,BEX,2025-11-14,2026-07-30,2025-11-13,2026-09-23,2025-08-31,2026-07-30,2025-12-31,2026-06-30,3.0,164755761.32,False,1.987035708739264,0.998363806524752,ok,1.0,Tradr 2X Long BE Daily ETF,BEX
S000089269,KraneShares 2x Long BIDU Daily ETF,Krane Shares Trust,BIDU,2.0,2,daily,KBDU,KBDU,2025-11-24,2026-07-30,2025-11-21,2026-09-23,2025-08-31,2026-07-30,2025-12-31,2026-06-30,3.0,1542907.17,False,2.005970879772064,0.9983814273175728,ok,1.0,KraneShares 2x Long BIDU Daily ETF,KBDU
S000093894,T-REX 2X LONG BKNG DAILY TARGET ETF,ETF Opportunities Trust,BKNG,2.0,,daily,BKNU,,,,,,2025-05-30,2026-01-31,2025-09-30,2025-12-31,2.0,1646350.11,False,,,no_prices,,T-REX 2X LONG BKNG DAILY TARGET ETF,BKNU
S000096129,Tradr 2X Long BLSH Daily ETF,Investment Managers Series Trust II,BLSH,2.0,,daily,BLSX,,,,,,2025-08-31,2026-01-31,2025-12-31,2025-12-31,1.0,1659379.11,False,,,no_prices,,Tradr 2X Long BLSH Daily ETF,BLSX
S000096298,Leverage Shares 2X Long BLSH Daily ETF,Themes ETF Trust,BLSH,2.0,2,daily,BLSG,BLSG,2025-10-28,2026-05-29,2025-10-27,2026-09-23,2025-06-30,2026-05-30,2025-10-31,2026-04-30,3.0,1648500.84,False,1.999646338195968,0.99486625835537,ok,1.0,Leverage Shares 2X Long BLSH Daily ETF,BLSG
S000095473,T-REX 2X LONG BMNR DAILY TARGET ETF,ETF Opportunities Trust,BMNR,2.0,"1.75,2",daily,BMNU,BMNU,2025-09-29,2026-07-30,2025-09-26,2026-09-23,2025-05-30,2026-07-30,2025-09-30,2026-06-30,4.0,422948099.46,False,1.9477283679829345,0.996024655920012,ok,1.0,T-REX 2X LONG BMNR DAILY TARGET ETF,BMNU
S000096186,Leverage Shares 2X Long BMNR Daily ETF,Themes ETF Trust,BMNR,2.0,2,daily,BMNG,BMNG,2025-10-28,2026-05-29,2025-10-27,2026-09-23,2025-06-30,2026-05-30,2025-10-31,2026-04-30,3.0,38292363.07,False,1.98765163541573,0.998080846402446,ok,1.0,Leverage Shares 2X Long BMNR Daily ETF,BMNG
S000088064,Direxion Daily BRKB Bear 1X ETF,Direxion Shares ETF Trust,BRK-B,-1.0,,daily,BRKD,,,,,,2024-09-30,2026-02-28,2025-01-31,2026-01-31,5.0,3107250.27,False,,,no_prices,,Direxion Daily&nbsp;BRKB Bear 1X Shares | Direxion Daily BRKB Bear 1X ETF,BRKD
S000088063,Direxion Daily BRKB Bull 2X ETF,Direxion Shares ETF Trust,BRK-B,2.0,"1.75,2",daily,BRKU,BRKU,2024-12-12,2026-05-29,2024-12-11,2026-09-23,2024-09-30,2026-05-30,2025-01-31,2026-04-30,6.0,76191875.06,False,1.9450154867713692,0.989056959000694,ok,1.0,Direxion Daily BRKB Bull 2X Shares | Direxion Daily BRKB Bull 2X ETF,BRKU
S000093733,Tradr 2X Long CEG Daily ETF,Investment Managers Series Trust II,CEG,2.0,2,daily,CEGX,CEGX,2025-07-14,2026-07-30,2025-07-11,2026-09-23,2025-05-30,2026-07-30,2025-09-30,2026-06-30,4.0,19213279.78,False,1.990013955977647,0.9924360501681502,ok,1.0,Tradr 2X Long CEG Daily ETF,CEGX
S000095065,Tradr 2X Long CELH Daily ETF,Investment Managers Series Trust II,CELH,2.0,,daily,CELT,,,,,,2025-08-31,2026-01-31,2025-12-31,2025-12-31,1.0,2994118.0,False,,,no_prices,,Tradr 2X Long CELH Daily ETF,CELT
S000096441,T-REX 2X Long CIFR Daily Target ETF,ETF Opportunities Trust,CIFR,2.0,2,daily,CIFU,CIFU,2025-11-24,2026-05-29,2025-11-21,2026-09-23,2025-09-30,2026-05-30,2026-01-31,2026-04-30,2.0,15519441.4,False,1.9869734857871864,0.9959741310291422,ok,1.0,T-REX 2X Long CIFR Daily Target ETF,CIFU
S000096130,Tradr 2X Long CLS Daily ETF,Investment Managers Series Trust II,CLS,2.0,2,daily,CSEX,CSEX,2025-11-14,2026-07-30,2025-11-13,2026-09-23,2025-08-31,2026-07-30,2025-12-31,2026-06-30,3.0,13990675.48,False,2.00087618870526,0.9969313004828572,ok,1.0,Tradr 2X Long CLS Daily ETF,CSEX
S000100810,Tradr 2X Short CLSK Daily ETF,Investment Managers Series Trust II,CLSK,-2.0,,daily,CLSZ,,,,,,2025-11-30,2026-04-30,2026-03-31,2026-03-31,1.0,228993.27,False,,,no_prices,,Tradr 2X Short CLSK Daily ETF,CLSZ
S000095066,Tradr 2X Long CLSK Daily ETF,Investment Managers Series Trust II,CLSK,2.0,2,daily,CLSX,CLSX,2025-09-17,2026-07-30,2025-09-16,2026-09-23,2025-05-30,2026-07-30,2025-09-30,2026-06-30,4.0,27436800.51,False,1.9958597743269613,0.9974352824211468,ok,1.0,Tradr 2X Long CLSK Daily ETF,CLSX
S000100933,Tradr 2X Long COHR Daily ETF,Investment Managers Series Trust II,COHR,2.0,2,daily,COHX,COHX,2026-02-20,2026-05-29,2026-02-19,2026-09-23,2025-12-30,2026-05-30,2026-04-30,2026-04-30,1.0,74263993.54,False,2.0184134408407948,0.9975272756524408,ok,1.0,Tradr 2X Long COHR Daily ETF,COHX
S000081138,GraniteShares 2x Short COIN Daily ETF,GraniteShares ETF Trust,COIN,-2.0,"-2,-1",daily,CONI,CONI,2024-09-05,2026-09-23,2024-09-04,2026-09-23,2024-09-04,2026-09-23,,,,,True,-1.5895431626431786,0.9119766848609792,MISMATCH+beta_varies,0.9961013645224172,GraniteShares 1.5x Short COIN Daily ETF | GraniteShares 2x Short COIN Daily ETF,CONS | CONI
S000076356,GraniteShares 2x Long COIN Daily ETF,GraniteShares ETF Trust,COIN,2.0,"1.5,2",daily,CONL,CONL,2022-08-11,2026-09-23,2022-08-10,2026-09-23,2022-05-30,2026-09-23,2022-09-30,2026-06-30,16.0,1056622703.39,True,1.7838873336765533,0.9815173708146512,ok+beta_varies,1.0,GraniteShares 2x Long Coinbase Daily ETF | GraniteShares 1.5x Long COIN Daily ETF | GraniteShares 2x Long COIN Daily ETF,CONL
S000086643,Leverage Shares 2X Long COIN Daily ETF,Themes ETF Trust,COIN,2.0,2,daily,COIG,COIG,2025-03-18,2026-05-29,2025-03-17,2026-09-23,2024-12-30,2026-05-30,2025-04-30,2026-04-30,5.0,8431695.99,False,1.993962875051366,0.9979605961513054,ok,1.0,Leverage Shares 2X Long COIN Daily ETF,COIG
S000087811,ProShares Ultra COIN,PROSHARES TRUST,COIN,2.0,2,daily,COIA,COIA,2025-09-11,2026-09-23,2025-09-10,2026-09-23,2025-07-30,2026-09-23,2025-11-30,2026-05-31,3.0,5826281.77,True,2.0002723742401782,0.9982250964409148,ok,1.0,ProShares Ultra COIN ETF | ProShares Ultra COIN,COIA
S000092873,Direxion Daily COIN Bull 2X ETF,Direxion Shares ETF Trust,COIN,2.0,2,daily,CONX,CONX,2025-11-20,2026-05-29,2025-11-19,2026-09-23,2025-09-30,2026-05-30,2026-01-31,2026-04-30,2.0,3052928.21,False,1.9961655920863544,0.999410243751411,ok,1.0,Direxion Daily COIN Bull 2X Shares | Direxion Daily COIN Bull 2X ETF,CONX
S000095067,Tradr 2X Long CORZ Daily ETF,Investment Managers Series Trust II,CORZ,2.0,2,daily,COZX,COZX,2025-11-06,2026-07-30,2025-11-05,2026-09-23,2025-08-31,2026-07-30,2025-12-31,2026-06-30,3.0,14000579.1,False,2.0076762136419832,0.9952927924389188,ok,1.0,Tradr 2X Long CORZ Daily ETF,COZX
S000093824,Leverage Shares 2X Long COST Daily ETF,Themes ETF Trust,COST,2.0,2,daily,COTG,COTG,2025-09-19,2026-05-29,2025-09-18,2026-09-23,2025-06-30,2026-05-30,2025-10-31,2026-04-30,3.0,8424364.27,False,1.9944061503015789,0.970068894617713,ok,0.8505747126436781,Leverage Shares 2X Long COST Daily ETF,COTG
S000095464,T-REX 2X INVERSE CRCL DAILY TARGET ETF,ETF Opportunities Trust,CRCL,-2.0,-2,daily,CRCD,CRCD,2025-09-29,2026-07-30,2025-09-26,2026-09-23,2025-05-30,2026-07-30,2025-09-30,2026-06-30,4.0,13723926.76,False,-2.002248585372299,0.9982015786117278,ok,1.0,T-REX 2X INVERSE CRCL DAILY TARGET ETF,CRCD
S000081035,Leverage Shares 2X Long CRCL Daily ETF,Themes ETF Trust,CRCL,2.0,2,daily,CRCG,CRCG,2025-08-12,2026-05-29,2025-08-11,2026-09-23,2025-06-30,2026-05-30,2025-10-31,2026-04-30,3.0,132767477.83,False,1.99245956015659,0.998890301920386,ok,1.0,Themes Wind Energy ETF | Leverage Shares 2X Long CRCL Daily ETF,KAZE | CRCG
S000087460,T-REX 2X LONG CRCL DAILY TARGET ETF,ETF Opportunities Trust,CRCL,2.0,2,daily,CCUP,CCUP,2025-08-12,2026-07-30,2025-08-11,2026-09-23,2025-05-30,2026-07-30,2025-09-30,2026-06-30,4.0,25407665.28,False,1.9834877111659248,0.9983022236599364,ok,1.0,T-REX 2X LONG AI DAILY TARGET ETF | T-REX 2X LONG CRCL DAILY TARGET ETF,AIU | CCUP
S000094784,ProShares Ultra CRCL,PROSHARES TRUST,CRCL,2.0,2,daily,CRCA,CRCA,2025-08-08,2026-09-23,2025-08-07,2026-09-23,2025-04-30,2026-09-23,2025-08-31,2026-05-31,4.0,227543617.71,True,1.988396184103752,0.9988057587674372,ok,1.0,ProShares Ultra CRCL,CRCA
S000095068,Tradr 2X Long CRDO Daily ETF,Investment Managers Series Trust II,CRDO,2.0,2,daily,CRDU,CRDU,2025-09-17,2026-07-30,2025-09-16,2026-09-23,2025-05-30,2026-07-30,2025-09-30,2026-06-30,4.0,158126332.16,False,1.994854494463465,0.9968062929833976,ok,1.0,Tradr 2X Long CRDO Daily ETF,CRDU
S000091238,Leverage Shares 2X Long CRM Daily ETF,Themes ETF Trust,CRM,2.0,2,daily,CRMG,CRMG,2025-04-07,2026-05-29,2025-04-04,2026-09-23,2024-12-30,2026-05-30,2025-04-30,2026-04-30,5.0,30638412.24,False,1.98012425501986,0.9978159813525648,ok,0.9965277777777778,Leverage Shares 2X Long CRM Daily ETF,CRMG
S000100590,Tradr 2X Long CRML Daily ETF,Investment Managers Series Trust II,CRML,2.0,2,daily,CRMX,CRMX,2026-01-14,2026-07-30,2026-01-13,2026-09-23,2025-11-30,2026-07-30,2026-03-31,2026-06-30,2.0,17421605.16,False,1.9600788843481287,0.9978163201519246,ok,1.0,Tradr 2X Long CRML Daily ETF,CRMX
S000088316,GraniteShares 2x Long CRWD Daily ETF,GraniteShares ETF Trust,CRWD,2.0,2,daily,CRWL,CRWL,2024-11-13,2026-09-23,2024-11-12,2026-09-23,2024-08-31,2026-09-23,2024-12-31,2026-06-30,7.0,53004702.62,True,1.9921508848341591,0.997343585839652,ok,0.9806034482758621,GraniteShares 2x Long CRWD Daily ETF,CRWL
S000095471,T-REX 2X INVERSE CRWV DAILY TARGET ETF,ETF Opportunities Trust,CRWV,-2.0,-2,daily,CORD,CORD,2025-09-29,2026-07-30,2025-09-26,2026-09-23,2025-05-30,2026-07-30,2025-09-30,2026-06-30,4.0,16876247.15,False,-2.0029439995993457,0.9989179077365714,ok,1.0,T-REX 2X INVERSE CRWV DAILY TARGET ETF,CORD
S000081029,Leverage Shares 2X Long CRWV Daily ETF,Themes ETF Trust,CRWV,2.0,2,daily,CRWG,CRWG,2025-08-12,2026-05-29,2025-08-11,2026-09-23,2025-06-30,2026-05-30,2025-10-31,2026-04-30,3.0,151630074.25,False,1.993129748661676,0.99945418523536,ok,1.0,Themes Solar Energy ETF | Leverage Shares 2X Long CRWV Daily ETF,SOLP | CRWG
S000087465,T-REX 2X Long CRWV Daily Target ETF,ETF Opportunities Trust,CRWV,2.0,2,daily,CRWU,CRWU,2025-07-29,2026-07-30,2025-07-28,2026-09-23,2025-05-30,2026-07-30,2025-09-30,2026-06-30,4.0,36667999.19,False,1.9916406112670613,0.999042360420413,ok,1.0,T-REX 2X LONG BA DAILY TARGET ETF | T-REX 2X Long CRWV Daily Target ETF,BAU | CRWU
S000093735,Tradr 2X Long CRWV Daily ETF,Investment Managers Series Trust II,CRWV,2.0,2,daily,CWVX,CWVX,2025-07-14,2026-07-30,2025-07-11,2026-09-23,2025-05-30,2026-07-30,2025-09-30,2026-06-30,4.0,291499738.15,False,1.9900364626176803,0.9987488527854383,ok,1.0,Tradr 2X Long CRWV Daily ETF,CWVX
S000090379,Direxion Daily CSCO Bear 1X ETF,Direxion Shares ETF Trust,CSCO,-1.0,-1,daily,CSCS,CSCS,2025-06-30,2026-05-29,2025-06-25,2026-09-21,2025-03-31,2026-05-30,2025-07-31,2026-04-30,4.0,2492777.8,False,-1.000887960101828,0.9926836789275924,ok,0.9466666666666667,Direxion Daily CSCO Bear 1X ETF,CSCS
S000090378,Direxion Daily CSCO Bull 2X ETF,Direxion Shares ETF Trust,CSCO,2.0,2,daily,CSCL,CSCL,2025-06-26,2026-05-29,2025-06-25,2026-09-23,2025-03-31,2026-05-30,2025-07-31,2026-04-30,4.0,4969911.53,False,1.998939951560344,0.9969701012246308,ok,1.0,Direxion Daily CSCO Bull 2X ETF,CSCL
S000091049,Defiance Daily Target 2X Long CVNA ETF,Tidal Trust II,CVNA,2.0,,daily,CVNX,,,,,,2025-03-31,2026-05-30,2025-07-31,2026-04-30,4.0,4274054.14,False,,,no_prices,,Defiance Daily Target 2X Long CVNA ETF,CVNX
S000096131,Tradr 2X Long DASH Daily ETF,Investment Managers Series Trust II,DASH,2.0,,daily,DASX,,,,,,2025-08-31,2026-01-31,2025-12-31,2025-12-31,1.0,1645981.72,False,,,no_prices,,Tradr 2X Long DASH Daily ETF,DASX
S000093736,Tradr 2X Long DDOG Daily ETF,Investment Managers Series Trust II,DDOG,2.0,,daily,DOGD,,,,,,2025-05-30,2026-04-30,2025-09-30,2026-03-31,3.0,2410521.28,False,,,no_prices,,Tradr 2X Long DDOG Daily ETF,DOGD
S000088317,GraniteShares 2x Long DELL Daily ETF,GraniteShares ETF Trust,DELL,2.0,2,daily,DLLL,DLLL,2025-02-18,2026-09-23,2025-02-14,2026-09-23,2024-11-30,2026-09-23,2025-03-31,2026-06-30,6.0,160581965.29,True,1.9909732680151315,0.997557430560768,ok,1.0,GraniteShares 2x Long DELL Daily ETF,DLLL
S000087468,T-REX 2X LONG DJT DAILY TARGET ETF,ETF Opportunities Trust,DJT,2.0,2,daily,DJTU,DJTU,2025-03-05,2026-07-30,2025-03-04,2026-09-23,2024-11-30,2026-07-30,2025-03-31,2026-06-30,6.0,16696036.29,False,2.011234571718589,0.9933215997599154,ok,1.0,T-REX 2X LONG DJT DAILY TARGET ETF,DJTU
S000087477,T-REX 2X Long DKNG Daily Target ETF,ETF Opportunities Trust,DKNG,2.0,,daily,DKUP,,,,,,2025-05-30,2026-01-31,2025-09-30,2025-12-31,2.0,1347211.2,False,,,no_prices,,T-REX 2X LONG SMCI DAILY TARGET ETF | T-REX 2X Long DKNG Daily Target ETF,SMCU | DKUP
S000089800,Defiance Daily Target 2X Long DKNG ETF,Tidal Trust II,DKNG,2.0,,daily,DKNX,,,,2026-07-17,2026-08-27,2025-03-31,2026-05-30,2025-07-31,2026-04-30,4.0,7241156.58,False,1.956298647433787,0.997323886761884,ok,,Defiance Daily Target 2X Long DKNG ETF,DKNX
S000095070,Tradr 2X Long ENPH Daily ETF,Investment Managers Series Trust II,ENPH,2.0,,daily,ENPX,,,,,,2025-05-30,2026-04-30,2025-09-30,2026-03-31,3.0,4283351.55,False,,,no_prices,,Tradr 2X Long ENPH Daily ETF,ENPX
S000097418,T-REX 2X LONG EOSE DAILY TARGET ETF,ETF Opportunities Trust,EOSE,2.0,2,daily,EOSU,EOSU,2026-01-15,2026-07-30,2026-01-14,2026-09-23,2025-11-30,2026-07-30,2026-03-31,2026-06-30,2.0,9174064.31,False,1.981692705849083,0.995123630279661,ok,1.0,T-REX 2X LONG EOSE DAILY TARGET ETF,EOSU
S000092883,Direxion Daily F Bear 1X ETF,Direxion Shares ETF Trust,F,-1.0,,daily,FRDD,,,,,,2025-03-31,2026-02-28,2025-07-31,2026-01-31,3.0,2526552.62,False,,,no_prices,,Direxion Daily F Bear 1X Shares | Direxion Daily F Bear 1X ETF,FRDD
S000092882,Direxion Daily F Bull 2X ETF,Direxion Shares ETF Trust,F,2.0,,daily,FRDU,,,,,,2025-03-31,2026-02-28,2025-07-31,2026-01-31,3.0,4119375.46,False,,,no_prices,,Direxion Daily F Bull 2X Shares | Direxion Daily F Bull 2X ETF,FRDU
S000097514,T-REX 2X LONG FIGR DAILY TARGET ETF,ETF Opportunities Trust,FIGR,2.0,2,daily,FGRU,FGRU,2026-02-19,2026-07-30,2026-02-18,2026-09-23,2025-11-30,2026-07-30,2026-03-31,2026-06-30,2.0,6631563.17,False,1.9860603576760685,0.9952377486418512,ok,1.0,T-REX 2X LONG FIGR DAILY TARGET ETF,FGRU
S000096133,Tradr 2X Long FLY Daily ETF,Investment Managers Series Trust II,FLY,2.0,"1.75,2",daily,FLYT,FLYT,2025-10-24,2026-07-30,2025-10-23,2026-09-23,2025-08-31,2026-07-30,2025-12-31,2026-06-30,3.0,13986467.76,False,1.991422061830356,0.9903694522360932,ok,1.0,Tradr 2X Long FLY Daily ETF,FLYT
S000093825,Leverage Shares 2X Long FUTU Daily ETF,Themes ETF Trust,FUTU,2.0,2,daily,FUTG,FUTG,2025-10-15,2026-05-29,2025-10-14,2026-09-23,2025-06-30,2026-05-30,2025-10-31,2026-04-30,3.0,7564000.01,False,2.033751691541096,0.9977461592020744,ok,1.0,Leverage Shares 2X Long FUTU Daily ETF,FUTG
S000093737,Tradr 2X Long GEV Daily ETF,Investment Managers Series Trust II,GEV,2.0,2,daily,GEVX,GEVX,2025-07-14,2026-07-30,2025-07-11,2026-09-23,2025-05-30,2026-07-30,2025-09-30,2026-06-30,4.0,52200479.76,False,1.9975403141237016,0.9952218658358952,ok,1.0,Tradr 2X Long GEV Daily ETF,GEVX
S000081031,Leverage Shares 2X Long GLXY Daily ETF,Themes ETF Trust,GLXY,2.0,2,daily,GLGG,GLGG,2025-08-22,2026-05-29,2025-08-21,2026-09-23,2025-06-30,2026-05-30,2025-10-31,2026-04-30,3.0,4160459.63,False,1.9941613578681392,0.9985056126129684,ok,1.0,Themes US Internet ETF | Leverage Shares 2X Long GLXY Daily ETF,AWEB | GLGG
S000093876,T-REX 2X LONG GLXY DAILY TARGET ETF,ETF Opportunities Trust,GLXY,2.0,2,daily,GLXU,GLXU,2025-08-11,2026-07-30,2025-08-08,2026-09-23,2025-05-30,2026-07-30,2025-09-30,2026-06-30,4.0,18249990.96,False,1.999493560391832,0.9977290903189155,ok,1.0,T-REX 2X LONG GLXY DAILY TARGET ETF,GLXU
S000087469,T-REX 2X LONG GME DAILY TARGET ETF,ETF Opportunities Trust,GME,2.0,"1.75,2",daily,GMEU,GMEU,2025-04-25,2026-07-30,2025-04-24,2026-09-23,2025-02-28,2026-07-30,2025-06-30,2026-06-30,5.0,40397599.31,False,1.97438642241852,0.9906267069767184,ok,1.0,T-REX 2X LONG GME DAILY TARGET ETF,GMEU
S000076247,Direxion Daily GOOGL Bear 1X ETF,Direxion Shares ETF Trust,GOOGL,-1.0,-1,daily,GGLS,GGLS,2022-09-19,2026-05-29,2022-09-16,2026-09-23,2022-06-30,2026-05-30,2022-10-31,2026-04-30,15.0,18439386.73,False,-0.9986352379592656,0.9976534331053432,ok,1.0,Direxion Daily GOOGL Bear 1X Shares | Direxion Daily GOOGL Bear 1X ETF,GGLS
S000076239,Direxion Daily GOOGL Bull 2X ETF,Direxion Shares ETF Trust,GOOGL,2.0,"1.5,2",daily,GGLL,GGLL,2022-09-08,2026-05-29,2022-09-07,2026-09-23,2022-06-30,2026-05-30,2022-10-31,2026-04-30,15.0,1166102411.65,False,1.793932332226752,0.9804678438751264,ok+beta_varies,1.0,Direxion Daily GOOGL Bull 2X Shares | Direxion Daily GOOGL Bull 1.5X Shares | Direxion Daily GOOGL Bull 2X ETF,GGLL
S000076353,GraniteShares 2x Long GOOGL Daily ETF,GraniteShares ETF Trust,GOOGL,2.0,2,daily,GOU,GOU,2025-12-03,2026-09-23,2025-12-02,2026-09-23,2025-08-31,2026-09-23,2025-12-31,2026-06-30,3.0,12062848.69,True,1.9949591553157109,0.9917118331625204,ok,1.0,GraniteShares 2x Long Alphabet Daily ETF | GraniteShares 1.75x Long GOOGL Daily ETF | GraniteShares 2x Long GOOGL Daily ETF,GOOL | GOU
S000083675,T-REX 2X LONG ALPHABET DAILY TARGET ETF,ETF Opportunities Trust,GOOGL,2.0,"1.75,2",daily,GOOX,GOOX,2024-01-12,2026-07-30,2024-01-11,2026-09-23,2023-11-30,2026-07-30,2024-03-31,2026-06-30,10.0,52952711.22,False,1.971135821127689,0.9897853698031548,ok,0.9968652037617555,T-REX 2X LONG ALPHABET DAILY TARGET ETF,GOOX
S000091052,Defiance Daily Target 2X Long HIMS ETF,Tidal Trust II,HIMS,2.0,2,daily,HIMZ,HIMZ,2025-03-14,2026-05-29,2025-03-13,2026-09-23,2024-12-30,2026-05-30,2025-04-30,2026-04-30,5.0,185757703.71,False,1.997601630979528,0.9981850727327116,ok,1.0,Defiance Daily Target 2X Long HIMS ETF,HIMZ
S000100914,Tradr 2X Long HL Daily ETF,Investment Managers Series Trust II,HL,2.0,,daily,HLXX,,,,,,2025-12-30,2026-05-30,2026-04-30,2026-04-30,1.0,366353.0,False,,,no_prices,,Tradr 2X Long HL Daily ETF,HLXX
S000087470,T-REX 2X LONG HOOD DAILY TARGET ETF,ETF Opportunities Trust,HOOD,2.0,2,daily,ROBN,ROBN,2025-02-03,2026-07-30,2025-01-31,2026-09-23,2024-11-30,2026-07-30,2025-03-31,2026-06-30,6.0,198164206.32,False,2.007053860116204,0.9980907411929856,ok,1.0,T-REX 2X LONG HOOD DAILY TARGET ETF,ROBN
S000091053,Defiance Daily Target 2X Long HOOD ETF,Tidal Trust II,HOOD,2.0,2,daily,HOOX,HOOX,2025-03-20,2026-05-29,2025-03-19,2026-09-23,2024-12-30,2026-05-30,2025-04-30,2026-04-30,5.0,29555221.66,False,1.999181178431392,0.9980815158469436,ok,1.0,Defiance Daily Target 2X Long HOOD ETF,HOOX
S000091219,Leverage Shares 2X Long HOOD Daily ETF,Themes ETF Trust,HOOD,2.0,2,daily,HOOG,HOOG,2025-03-24,2026-05-29,2025-03-21,2026-09-23,2024-12-30,2026-05-30,2025-04-30,2026-04-30,5.0,103420579.57,False,2.004585841674304,0.9986833390341348,ok,1.0,Leverage Shares 2X Long HOOD Daily ETF,HOOG
S000092884,Direxion Daily HOOD Bull 2X ETF,Direxion Shares ETF Trust,HOOD,2.0,2,daily,HODU,HODU,2025-11-20,2026-05-29,2025-11-19,2026-09-23,2025-09-30,2026-05-30,2026-01-31,2026-04-30,2.0,9460730.0,False,2.0028225354123967,0.9994488736931774,ok,1.0,Direxion Daily HOOD Bull 2X Shares | Direxion Daily HOOD Bull 2X ETF,HODU
S000095053,Tradr 2X Long IBM Daily ETF,Investment Managers Series Trust II,IBM,2.0,2,daily,IBX,IBX,2026-03-25,2026-07-30,2026-03-24,2026-09-23,2025-11-30,2026-07-30,2026-03-31,2026-06-30,2.0,69540326.65,False,2.020997018826156,0.995433972682536,ok,1.0,Tradr 2X Long IBM Daily ETF,IBX
S000088287,GraniteShares 2x Long INTC Daily ETF,GraniteShares ETF Trust,INTC,2.0,2,daily,INTW,INTW,2025-02-14,2026-09-23,2025-02-13,2026-09-23,2024-11-30,2026-09-23,2025-03-31,2026-06-30,6.0,808896263.99,True,1.9933011171624624,0.999336628522634,ok,1.0,GraniteShares 2x Long INTC Daily ETF,INTW
S000092886,Direxion Daily INTC Bull 2X ETF,Direxion Shares ETF Trust,INTC,2.0,2,daily,LINT,LINT,2025-11-20,2026-05-29,2025-11-19,2026-09-23,2025-09-30,2026-05-30,2026-01-31,2026-04-30,2.0,44487206.18,False,2.005926707301607,0.9989247995169104,ok,1.0,Direxion Daily INTC Bull 2X Shares | Direxion Daily INTC Bull 2X ETF,LINT
S000090911,GraniteShares 2x Long IONQ Daily ETF,GraniteShares ETF Trust,IONQ,2.0,2,daily,IONL,IONL,2025-03-27,2026-09-23,2025-03-26,2026-09-23,2024-11-30,2026-09-23,2025-03-31,2026-06-30,6.0,86977825.88,True,1.988299849467468,0.998861758126398,ok,1.0,GraniteShares 2x Long IONQ Daily ETF,IONL
S000091054,Defiance Daily Target 2X Long IONQ ETF,Tidal Trust II,IONQ,2.0,2,daily,IONX,IONX,2025-03-13,2026-05-29,2025-03-12,2026-09-23,2024-12-30,2026-05-30,2025-04-30,2026-04-30,5.0,296790740.99,False,1.9889307688300693,0.9991709464709656,ok,1.0,Defiance Daily Target 2X Long IONQ ETF,IONX
S000100813,Tradr 2X Short IREN Daily ETF,Investment Managers Series Trust II,IREN,-2.0,-2,daily,IREZ,IREZ,2026-01-23,2026-07-30,2026-01-22,2026-09-23,2025-11-30,2026-07-30,2026-03-31,2026-06-30,2.0,16782930.53,False,-2.004275731333065,0.9993719564386204,ok,1.0,Tradr 2X Short IREN Daily ETF,IREZ
S000095914,Defiance Daily Target 2X Long IREN ETF,Tidal Trust II,IREN,2.0,2,daily,IRE,IRE,2025-10-22,2026-05-29,2025-10-21,2026-09-23,2025-06-30,2026-05-30,2025-10-31,2026-04-30,3.0,349151691.25,False,1.9886702276816008,0.999223617925326,ok,1.0,Defiance Daily Target 2X Long IREN ETF,IRE
S000096134,Tradr 2X Long IREN Daily ETF,Investment Managers Series Trust II,IREN,2.0,2,daily,IREX,IREX,2025-10-24,2026-07-30,2025-10-23,2026-09-23,2025-08-31,2026-07-30,2025-12-31,2026-06-30,3.0,60313800.2,False,1.989595657066239,0.9989209458326728,ok,1.0,Tradr 2X Long IREN Daily ETF,IREX
S000089270,KraneShares 2x Long JD Daily ETF,Krane Shares Trust,JD,2.0,2,daily,KJD,KJD,2025-10-16,2026-07-30,2025-10-15,2026-09-23,2025-08-31,2026-07-30,2025-12-31,2026-06-30,3.0,1868288.57,False,2.000486981666928,0.9967322739060974,ok,1.0,KraneShares 2x Long JD Daily ETF,KJD
S000095054,Tradr 2X Long JOBY Daily ETF,Investment Managers Series Trust II,JOBY,2.0,2,daily,JOBX,JOBX,2025-09-10,2026-07-30,2025-09-09,2026-09-23,2025-05-30,2026-07-30,2025-09-30,2026-06-30,4.0,26779713.88,False,1.9682720230957949,0.9919418554912066,ok,1.0,Tradr 2X Long JOBY Daily ETF,JOBX
S000091055,Defiance Daily Target 2X Long JPM ETF,Tidal Trust II,JPM,2.0,,daily,JPX,,,,,,2025-03-31,2025-11-30,2025-07-31,2025-10-31,2.0,2778033.0,False,,,no_prices,,Defiance Daily Target 2X Long JPM ETF,JPMX | JPX
S000099441,Defiance Daily Target 2x Long KEEL ETF,Tidal Trust II,KEEL,2.0,2,daily,KEEX,KEEX,2025-12-31,2026-05-29,2025-12-30,2026-09-23,2025-09-30,2026-05-30,2026-01-31,2026-04-30,2.0,1906222.61,False,2.012699907560543,0.991148902340222,ok,1.0,Defiance Daily Target 2x Long KEEL ETF,KEEX
S000093878,T-REX 2X LONG KTOS DAILY TARGET ETF,ETF Opportunities Trust,KTOS,2.0,2,daily,KTUP,KTUP,2025-09-17,2026-07-30,2025-09-16,2026-09-23,2025-05-30,2026-07-30,2025-09-30,2026-06-30,4.0,10076218.54,False,2.0186032207634352,0.9953063748409752,ok,1.0,T-REX 2X LONG KTOS DAILY TARGET ETF,KTUP
S000081163,GraniteShares 2x Long LCID Daily ETF,GraniteShares ETF Trust,LCID,2.0,,daily,LCDL,,,,,,2025-02-28,2026-07-30,2025-06-30,2026-06-30,5.0,7795593.86,False,,,no_prices,,GraniteShares 1.5x Long LCID Daily ETF | GraniteShares 2x Long LCID Daily ETF,LCDL
S000100917,Tradr 2X Long LEU Daily ETF,Investment Managers Series Trust II,LEU,2.0,"1.75,2",daily,LEUX,LEUX,2026-02-20,2026-05-29,2026-02-19,2026-09-23,2025-12-30,2026-05-30,2026-04-30,2026-04-30,1.0,4778469.74,False,2.001162494919934,0.990884640604899,ok,0.9420289855072463,Tradr 2X Long LEU Daily ETF,LEUX
S000100918,Tradr 2X Long LITE Daily ETF,Investment Managers Series Trust II,LITE,2.0,2,daily,LITX,LITX,2026-01-28,2026-05-29,2026-01-27,2026-09-23,2025-09-30,2026-05-30,2026-01-31,2026-04-30,2.0,469544524.81,False,1.9893359089226292,0.9969336177364818,ok,1.0,Tradr 2X Long LITE Daily ETF,LITX
S000088049,Direxion Daily LLY Bear 1X ETF,Direxion Shares ETF Trust,LLY,-1.0,,daily,ELIS,,,,,,2024-12-30,2026-02-28,2025-04-30,2026-01-31,4.0,4023974.15,False,,,no_prices,,Direxion Daily LLY Bear 1X Shares | Direxion Daily LLY Bear 1X ETF,ELIS
S000085136,Defiance Daily Target 2X Long LLY ETF,Tidal Trust II,LLY,2.0,2,daily,LLYX,LLYX,2024-08-09,2026-05-29,2024-08-08,2026-09-23,2024-06-30,2026-05-30,2024-10-31,2026-04-30,7.0,70686252.42,False,1.9842988811153428,0.9959868446451916,ok,1.0,Defiance Daily Target 2X Long LLY ETF,LLYX
S000088065,Direxion Daily LLY Bull 2X ETF,Direxion Shares ETF Trust,LLY,2.0,2,daily,ELIL,ELIL,2025-03-28,2026-05-29,2025-03-27,2026-09-23,2024-12-30,2026-05-30,2025-04-30,2026-04-30,5.0,21490523.87,False,1.9825871080445687,0.9960342865205104,ok,1.0,Direxion Daily LLY Bull 2X Shares | Direxion Daily LLY Bull 2X ETF,ELIL
S000090381,Direxion Daily LMT Bear 1X ETF,Direxion Shares ETF Trust,LMT,-1.0,,daily,LMTS,,,,,,2025-06-30,2026-02-28,2025-10-31,2026-01-31,2.0,2169789.62,False,,,no_prices,,Direxion Daily LMT Bear 1X Shares | Direxion Daily LMT Bear 1X ETF,LMTS
S000090380,Direxion Daily LMT Bull 2X ETF,Direxion Shares ETF Trust,LMT,2.0,2,daily,LMTL,LMTL,2025-08-07,2026-05-29,2025-08-06,2026-09-23,2025-06-30,2026-05-30,2025-10-31,2026-04-30,3.0,7289545.23,False,1.9811874556840467,0.9932483821116695,ok,1.0,Direxion Daily LMT Bull 2X Shares | Direxion Daily LMT Bull 2X ETF,LMTL
S000093739,Tradr 2X Long LRCX Daily ETF,Investment Managers Series Trust II,LRCX,2.0,2,daily,LRCU,LRCU,2025-08-20,2026-07-30,2025-08-19,2026-09-23,2025-05-30,2026-07-30,2025-09-30,2026-06-30,4.0,79162883.94,False,2.024460655237381,0.9956612010849302,ok,1.0,Tradr 2X Long LRCX Daily ETF,LRCU
S000090912,GraniteShares 2x Long MARA Daily ETF,GraniteShares ETF Trust,MARA,2.0,2,daily,MRAL,MRAL,2025-03-10,2026-09-23,2025-03-07,2026-09-23,2024-11-30,2026-09-23,2025-03-31,2026-06-30,6.0,83077958.99,True,1.9745891998717164,0.9968564759747256,ok,1.0,GraniteShares 2x Long MARA Daily ETF,MRAL
S000096117,Tradr 2X Long MCHP Daily ETF,Investment Managers Series Trust II,MCHP,2.0,2,daily,MCHU,MCHU,2026-05-29,2026-07-30,2026-05-28,2026-09-23,2026-02-28,2026-07-30,2026-06-30,2026-06-30,1.0,839665.67,False,1.9627647776500157,0.9887894632429092,ok,1.0,Tradr 2X Long MCHP Daily ETF,MCHU
S000091895,Tradr 2X Long MDB Daily ETF,Investment Managers Series Trust II,MDB,2.0,,daily,MDBX,,,,,,2025-05-30,2026-04-30,2025-09-30,2026-03-31,3.0,3901729.19,False,,,no_prices,,Tradr 2X Long MDB Daily ETF,MDBX
S000091101,KraneShares 2x Long MELI Daily ETF,Krane Shares Trust,MELI,2.0,2,daily,KMLI,KMLI,2025-06-13,2026-07-30,2025-06-12,2026-09-23,2025-02-28,2026-07-30,2025-06-30,2026-06-30,5.0,8762392.59,False,1.991129358798121,0.9920390722846962,ok,1.0,KraneShares 2x Long MELI Daily ETF,KMLI
S000076230,Direxion Daily META Bear 1X ETF,Direxion Shares ETF Trust,META,-1.0,-1,daily,METD,METD,2024-06-12,2026-05-29,2024-06-11,2026-09-23,2024-03-31,2026-05-30,2024-07-31,2026-04-30,8.0,8999244.85,False,-1.0048381125768564,0.99700741324354,ok,1.0,Direxion Daily META Bear 1X Shares | Direxion Daily META Bear 1X ETF,METD
S000076340,GraniteShares 2x Long META Daily ETF,GraniteShares ETF Trust,META,2.0,"1.5,2",daily,FBL,FBL,2022-12-14,2026-09-23,2022-12-13,2026-09-23,2022-08-31,2026-09-23,2022-12-31,2026-06-30,15.0,379611451.63,True,1.854808259474164,0.9816032209829582,ok+beta_varies,0.9798301486199575,GraniteShares 2x Long Meta Platforms Daily ETF | GraniteShares 1.5x Long META Daily ETF | GraniteShares 2x Long META Daily ETF,FBL
S000085276,Direxion Daily META Bull 2X ETF,Direxion Shares ETF Trust,META,2.0,2,daily,METU,METU,2024-06-07,2026-05-29,2024-06-06,2026-09-23,2024-03-31,2026-05-30,2024-07-31,2026-04-30,8.0,643568668.88,False,1.9980724553805809,0.9990674940766178,ok,1.0,Direxion Daily META Bull 2X Shares | Direxion Daily META Bull 2X ETF,METU
S000095915,Defiance Daily Target 2X Long MP ETF,Tidal Trust II,MP,2.0,,daily,MPL,,,,2026-07-17,2026-09-04,2025-06-30,2026-05-30,2025-10-31,2026-04-30,3.0,7839294.18,False,,,no_prices,,Defiance Daily Target 2X Long MP ETF,MPL
S000096190,Leverage Shares 2X Long MP Daily ETF,Themes ETF Trust,MP,2.0,2,daily,MPG,MPG,2025-10-28,2026-05-29,2025-10-27,2026-09-23,2025-06-30,2026-05-30,2025-10-31,2026-04-30,3.0,4076019.37,False,1.996565305275571,0.9971119497196552,ok,1.0,Leverage Shares 2X Long MP Daily ETF,MPG
S000090913,GraniteShares 2x Long MRVL Daily ETF,GraniteShares ETF Trust,MRVL,2.0,2,daily,MVLL,MVLL,2025-03-10,2026-09-23,2025-03-07,2026-09-23,2024-11-30,2026-09-23,2025-03-31,2026-06-30,6.0,1033642179.41,True,1.997407121174952,0.9989490850786442,ok,1.0,GraniteShares 2x Long MRVL Daily ETF,MVLL
S000094247,Direxion Daily MRVL Bull 2X ETF,Direxion Shares ETF Trust,MRVL,2.0,2,daily,MRVU,MRVU,2026-02-13,2026-05-29,2026-02-12,2026-09-23,2025-12-30,2026-05-30,2026-04-30,2026-04-30,1.0,33730242.06,False,2.005100819886197,0.9993843158083746,ok,1.0,Direxion Daily MRVL Bull 2X ETF,MRVU
S000076245,Direxion Daily MSFT Bear 1X ETF,Direxion Shares ETF Trust,MSFT,-1.0,-1,daily,MSFD,MSFD,2022-09-09,2026-05-29,2022-09-08,2026-09-23,2022-06-30,2026-05-30,2022-10-31,2026-04-30,15.0,41328774.17,False,-0.9970367205823644,0.9958079567105892,ok,1.0,Direxion Daily MSFT Bear 1X Shares | Direxion Daily MSFT Bear 1X ETF,MSFD
S000076235,Direxion Daily MSFT Bull 2X ETF,Direxion Shares ETF Trust,MSFT,2.0,"1.5,2",daily,MSFU,MSFU,2022-09-08,2026-05-29,2022-09-07,2026-09-23,2022-06-30,2026-05-30,2022-10-31,2026-04-30,15.0,847314508.05,False,1.7847984403216537,0.9789345024421944,ok+beta_varies,1.0,Direxion Daily MSFT Bull 2X Shares | Direxion Daily MSFT Bull 1.5X Shares | Direxion Daily MSFT Bull 2X ETF,MSFU
S000076341,GraniteShares 2x Long MSFT Daily ETF,GraniteShares ETF Trust,MSFT,2.0,2,daily,MSFL,MSFL,2024-03-19,2026-09-23,2024-03-18,2026-09-23,2023-11-30,2026-09-23,2024-03-31,2026-06-30,10.0,125565685.81,True,1.9842039207337905,0.9964289505259128,ok,0.9968253968253968,GraniteShares 2x Long Microsoft Daily ETF | GraniteShares 2x Long MSFT Daily ETF,MSFL
S000083677,T-REX 2X LONG MICROSOFT DAILY TARGET ETF,ETF Opportunities Trust,MSFT,2.0,"1.75,2",daily,MSFX,MSFX,2024-01-12,2026-07-30,2024-01-11,2026-09-23,2023-11-30,2026-07-30,2024-03-31,2026-06-30,10.0,29312148.79,False,1.986429927366519,0.993653572711352,ok,1.0,T-REX 2X LONG MICROSOFT DAILY TARGET ETF,MSFX
S000085368,Defiance Daily Target 2X Short MSTR ETF,Tidal Trust II,MSTR,-2.0,"-2,-1.5",daily,SMST,SMST,2024-08-22,2026-05-29,2024-08-21,2026-09-23,2024-06-30,2026-05-30,2024-10-31,2026-04-30,7.0,44767601.2,False,-1.9462497487473176,0.99287374177728,ok,1.0,Defiance 2X Short MSTR ETF | Defiance Daily Target 2X Short MSTR ETF,SMST
S000087771,T-REX 2X INVERSE MSTR DAILY TARGET ETF,ETF Opportunities Trust,MSTR,-2.0,-2,daily,MSTZ,MSTZ,2024-10-28,2026-06-30,2024-09-18,2026-09-23,2024-10-28,2026-06-30,2025-02-28,2026-05-31,6.0,170859911.84,False,-1.983204248310236,0.9985361374974024,ok,1.0,T-REX 2X INVERSE MSTR DAILY TARGET ETF,MSTZ
S000090910,GraniteShares 2x Short MSTR Daily ETF,GraniteShares ETF Trust,MSTR,-2.0,,daily,MSDD,,,,,,2025-02-28,2026-04-30,2025-06-30,2026-03-31,4.0,2804880.17,False,,,no_prices,,GraniteShares 2x Short MSTR Daily ETF,MSDD
S000085137,Defiance Daily Target 2X Long MSTR ETF,Tidal Trust II,MSTR,2.0,"1.75,2",daily,MSTX,MSTX,2024-08-16,2026-05-29,2024-08-15,2026-09-23,2024-06-30,2026-05-30,2024-10-31,2026-04-30,7.0,1677273977.82,False,1.9585205029423567,0.996991030298412,ok,1.0,Defiance Daily Target 2X Long MSTR ETF,MSTX
S000087772,T-REX 2X LONG MSTR DAILY TARGET ETF,ETF Opportunities Trust,MSTR,2.0,2,daily,MSTU,MSTU,2024-09-19,2026-06-30,2024-09-18,2026-09-23,2024-07-30,2026-06-30,2024-11-30,2026-05-31,7.0,2942336582.77,False,1.9686755769047448,0.9974684714199676,ok,1.0,T-REX 2X LONG MSTR DAILY TARGET ETF,MSTU
S000090805,GraniteShares 2x Long MSTR Daily ETF,GraniteShares ETF Trust,MSTR,2.0,2,daily,MSTP,MSTP,2025-06-11,2026-09-23,2025-06-10,2026-09-23,2025-02-28,2026-09-23,2025-06-30,2026-06-30,5.0,6406966.89,True,1.989899922338356,0.9975292309355308,ok,1.0,GraniteShares 2x Long MSTR Daily ETF,MSTP
S000092977,VistaShares Animal Spirits Daily 2X Strategy ETF,Tidal Trust III,MSTR,2.0,,daily,WILD,,,,,,2025-03-31,2025-11-30,2025-07-31,2025-10-31,2.0,4957102.82,False,,,no_prices,,VistaShares Animal Spirits Daily 2X Strategy ETF,WILD
S000088051,Direxion Daily MU Bear 1X ETF,Direxion Shares ETF Trust,MU,-1.0,-1,daily,MUD,MUD,2024-10-21,2026-05-29,2024-10-18,2026-09-23,2024-06-30,2026-05-30,2024-10-31,2026-04-30,7.0,68953068.65,False,-1.0022201035176832,0.9950003454847184,ok,0.9472361809045227,Direxion Daily MU Bear 1X Shares | Direxion Daily MU Bear 1X ETF,MUD
S000088050,Direxion Daily MU Bull 2X ETF,Direxion Shares ETF Trust,MU,2.0,2,daily,MUU,MUU,2024-10-11,2026-05-29,2024-10-10,2026-09-23,2024-06-30,2026-05-30,2024-10-31,2026-04-30,7.0,1419509532.39,False,1.9917008875050284,0.9986993017067016,ok,1.0,Direxion Daily MU Bull 2X Shares | Direxion Daily MU Bull 2X ETF,MUU
S000088289,GraniteShares 2x Long MU Daily ETF,GraniteShares ETF Trust,MU,2.0,2,daily,MULL,MULL,2024-11-13,2026-09-23,2024-11-12,2026-09-23,2024-08-31,2026-09-23,2024-12-31,2026-06-30,7.0,1535590949.11,True,2.0003793583667604,0.9988808652884584,ok,1.0,GraniteShares 2x Long MU Daily ETF,MULL
S000100816,Tradr 2X Short NBIS Daily ETF,Investment Managers Series Trust II,NBIS,-2.0,-2,daily,NBIZ,NBIZ,2026-01-23,2026-07-30,2026-01-22,2026-09-23,2025-11-30,2026-07-30,2026-03-31,2026-06-30,2.0,13386830.12,False,-2.000708832201831,0.9989803248836367,ok,1.0,Tradr 2X Short NBIS Daily ETF,NBIZ
S000095056,Tradr 2X Long NBIS Daily ETF,Investment Managers Series Trust II,NBIS,2.0,2,daily,NEBX,NEBX,2025-09-10,2026-07-30,2025-09-09,2026-09-23,2025-05-30,2026-07-30,2025-09-30,2026-06-30,4.0,353365496.53,False,1.996361357086732,0.998338855260891,ok,1.0,Tradr 2X Long NBIS Daily ETF,NEBX
S000096191,Leverage Shares 2X Long NBIS Daily ETF,Themes ETF Trust,NBIS,2.0,2,daily,NBIG,NBIG,2025-10-28,2026-05-29,2025-10-27,2026-09-23,2025-06-30,2026-05-30,2025-10-31,2026-04-30,3.0,27132642.6,False,2.0009365414107654,0.9994581942052888,ok,1.0,Leverage Shares 2X Long NBIS Daily ETF,NBIG
S000093740,Tradr 2X Long NET Daily ETF,Investment Managers Series Trust II,NET,2.0,,daily,NETX,,,,,,2025-08-31,2026-01-31,2025-12-31,2025-12-31,1.0,856890.36,False,,,no_prices,,Tradr 2X Long NET Daily ETF,NETX
S000088053,Direxion Daily NFLX Bear 1X ETF,Direxion Shares ETF Trust,NFLX,-1.0,-1,daily,NFXS,NFXS,2024-10-04,2026-05-29,2024-10-03,2026-09-23,2024-06-30,2026-05-30,2024-10-31,2026-04-30,7.0,14102028.27,False,-0.9963479932249318,0.996699064789936,ok,1.0,Direxion Daily NFLX Bear 1X Shares | Direxion Daily NFLX Bear 1X ETF,NFXS
S000087472,T-REX 2X LONG NFLX DAILY TARGET ETF,ETF Opportunities Trust,NFLX,2.0,2,daily,NFLU,NFLU,2024-09-30,2026-06-30,2024-09-27,2026-09-23,2024-07-30,2026-06-30,2024-11-30,2026-05-31,7.0,54023159.52,False,1.9954649345140023,0.995074191852485,ok,1.0,T-REX 2X LONG NFLX DAILY TARGET ETF,NFLU
S000088052,Direxion Daily NFLX Bull 2X ETF,Direxion Shares ETF Trust,NFLX,2.0,2,daily,NFXL,NFXL,2024-10-04,2026-05-29,2024-10-03,2026-09-23,2024-06-30,2026-05-30,2024-10-31,2026-04-30,7.0,173375440.31,False,1.9959841492068344,0.9976120984340264,ok,1.0,Direxion Daily NFLX Bull 2X Shares | Direxion Daily NFLX Bull 2X ETF,NFXL
S000076105,AXS 2X NKE Bear Daily ETF,Investment Managers Series Trust II,NKE,-2.0,,daily,NKEQ,,,,,,2022-05-30,2023-04-30,2022-09-30,2023-03-31,3.0,1690275.16,False,,,no_prices,,AXS 2X NKE Bear Daily ETF,NKEQ
S000076106,AXS 2X NKE Bull Daily ETF,Investment Managers Series Trust II,NKE,2.0,,daily,NKEL,,,,,,2022-05-30,2023-04-30,2022-09-30,2023-03-31,3.0,1057354.7,False,,,no_prices,,AXS 2X NKE Bull Daily ETF,NKEL
S000096120,Tradr 2X Long NNE Daily ETF,Investment Managers Series Trust II,NNE,2.0,,daily,NNEX,,,,,,2025-08-31,2026-04-30,2025-12-31,2026-03-31,2.0,969652.68,False,,,no_prices,,Tradr 2X Long NNE Daily ETF,NNEX
S000100086,Defiance Daily Target 2X Long NOK ETF,Tidal Trust II,NOK,2.0,2,daily,LNOK,LNOK,2026-01-22,2026-05-29,2026-01-21,2026-09-23,2025-09-30,2026-05-30,2026-01-31,2026-04-30,2.0,22987222.78,False,2.0323257794219898,0.982736910556698,ok,0.8651685393258427,Defiance Daily Target 2X Long NOK ETF,LNOK
S000090914,GraniteShares 2x Long NOW Daily ETF,GraniteShares ETF Trust,NOW,2.0,"1.75,2",daily,NOWL,NOWL,2025-07-16,2026-09-23,2025-07-15,2026-09-23,2025-05-30,2026-09-23,2025-09-30,2026-06-30,4.0,285642574.54,True,1.9942242907730563,0.9957100088746104,ok,1.0,GraniteShares 2x Long NOW Daily ETF,NOWL
S000080897,T-REX 2X INVERSE NVIDIA DAILY TARGET ETF,ETF Opportunities Trust,NVDA,-2.0,-2,daily,NVDQ,NVDQ,2023-10-20,2026-07-30,2023-10-19,2026-09-23,2023-08-31,2026-07-30,2023-12-31,2026-06-30,11.0,53703917.84,False,-1.9909892869683656,0.9967837303737632,ok,1.0,T-REX 2X INVERSE NVIDIA DAILY TARGET ETF,NVDQ
S000081142,GraniteShares 2x Short NVDA Daily ETF,GraniteShares ETF Trust,NVDA,-2.0,"-2,-1.75,-1.5",daily,NVD,NVD,2023-08-23,2026-09-23,2023-08-22,2026-09-23,2023-05-30,2026-09-23,2023-09-30,2026-06-30,12.0,186106838.89,True,-1.9566943264457788,0.9925613407739956,ok+beta_varies,1.0,GraniteShares 1.5x Short NVDA Daily ETF | GraniteShares 2x Short NVDA Daily ETF,NVD
S000076107,Tradr 1.5X Short NVDA Daily ETF,Investment Managers Series Trust II,NVDA,-1.5,"-1.5,-1.25",daily,NVDS,NVDS,2022-07-15,2026-07-30,2022-07-14,2026-09-23,2022-05-30,2026-07-30,2022-09-30,2026-06-30,16.0,97820098.71,False,-1.3285075590626338,0.7064792624442133,MISMATCH+beta_varies,0.9792899408284024,AXS 2X NVDA Bear Daily ETF | AXS 1.25X NVDA Bear Daily ETF | Tradr 1.25X NVDA Bear Daily ETF | Tradr 1.5X Short NVDA Daily ETF,NVDS
S000076248,Direxion Daily NVDA Bear 1X ETF,Direxion Shares ETF Trust,NVDA,-1.0,-1,daily,NVDD,NVDD,2023-09-14,2026-05-29,2023-09-13,2026-09-23,2023-06-30,2026-05-30,2023-10-31,2026-04-30,11.0,40058812.94,False,-0.9967967984096096,0.99803988872854,ok,1.0,Direxion Daily NVDA Bear 1X Shares | Direxion Daily NVDA Bear 1X ETF,NVDD
S000076091,AXS 1.25X NVDA Bull Daily ETF,Investment Managers Series Trust II,NVDA,1.25,2,daily,NVDB,NVDB,2025-09-11,2026-09-23,2025-09-10,2026-09-23,2025-09-10,2026-09-23,,,,,True,1.982033768758858,0.9959823270734968,MISMATCH,1.0,AXS 2X NVDA Bull Daily ETF | AXS 1.25X NVDA Bull Daily ETF,NVDB
S000076344,GraniteShares 2x Long NVDA Daily ETF,GraniteShares ETF Trust,NVDA,2.0,"1.5,2",daily,NVDL,NVDL,2022-12-14,2026-09-23,2022-12-13,2026-09-23,2022-08-31,2026-09-23,2022-12-31,2026-06-30,15.0,5367723177.96,True,1.8323918724367037,0.9802507705720584,ok+beta_varies,0.9809523809523809,GraniteShares 2x Long NVIDIA Daily ETF | GraniteShares 1.5x Long NVDA Daily ETF | GraniteShares 2x Long NVDA Daily ETF,NVDL
S000080899,T-REX 2X LONG NVIDIA DAILY TARGET ETF,ETF Opportunities Trust,NVDA,2.0,2,daily,NVDX,NVDX,2023-10-20,2026-07-30,2023-10-19,2026-09-23,2023-08-31,2026-07-30,2023-12-31,2026-06-30,11.0,654999460.23,False,1.9906729365035545,0.9976597615718044,ok,1.0,T-REX 2X LONG NVIDIA DAILY TARGET ETF,NVDX
S000081684,Direxion Daily NVDA Bull 2X ETF,Direxion Shares ETF Trust,NVDA,2.0,"1.5,2",daily,NVDU,NVDU,2023-09-14,2026-05-29,2023-09-13,2026-09-23,2023-06-30,2026-05-30,2023-10-31,2026-04-30,11.0,722122153.3,False,1.9114350322235256,0.9904042736304686,ok+beta_varies,1.0,Direxion Daily NVDA Bull 2X Shares | Direxion Daily NVDA Bull 2X ETF,NVDU
S000086646,Leverage Shares 2X Long NVDA Daily ETF,Themes ETF Trust,NVDA,2.0,"1.75,2",daily,NVDG,NVDG,2024-12-16,2026-05-29,2024-12-13,2026-09-23,2024-09-30,2026-05-30,2025-01-31,2026-04-30,6.0,32991971.91,False,1.9722688858890944,0.9968660033310058,ok,1.0,Leverage Shares 2X Long NVDA Daily ETF,NVDG
S000094857,ProShares Ultra NVDA,PROSHARES TRUST,NVDA,2.0,2,daily,NVDB,NVDB,2025-09-11,2026-09-23,2025-09-10,2026-09-23,2025-07-30,2026-09-23,2025-11-30,2026-05-31,3.0,12590384.19,True,1.982033768758858,0.9959823270734968,ok,1.0,ProShares Ultra NVDA,NVDB
S000085138,Defiance Daily Target 2X Long NVO ETF,Tidal Trust II,NVO,2.0,2,daily,NVOX,NVOX,2024-12-04,2026-05-29,2024-12-03,2026-09-23,2024-09-30,2026-05-30,2025-01-31,2026-04-30,6.0,82077204.4,False,1.9961833468293717,0.9977185223886303,ok,1.0,Defiance Daily Target 2X Long NVO ETF,NVOX
S000095057,Tradr 2X Long NVTS Daily ETF,Investment Managers Series Trust II,NVTS,2.0,2,daily,NVTX,NVTX,2025-09-10,2026-07-30,2025-09-09,2026-09-23,2025-05-30,2026-07-30,2025-09-30,2026-06-30,4.0,43422714.77,False,1.998561630686124,0.9970288837601792,ok,1.0,Tradr 2X Long NVTS Daily ETF,NVTX
S000096121,Tradr 2X Long NXPI Daily ETF,Investment Managers Series Trust II,NXPI,2.0,2,daily,NXPX,NXPX,2026-05-29,2026-07-30,2026-05-28,2026-09-23,2026-02-28,2026-07-30,2026-06-30,2026-06-30,1.0,350688.71,False,2.1036959946506983,0.9007246288561344,ok,0.27906976744186046,Tradr 2X Long NXPI Daily ETF,NXPX
S000096884,Defiance Daily Target 2X Short OKLO ETF,Tidal Trust II,OKLO,-2.0,,daily,OKLS,,,,2026-07-17,2026-09-04,2025-09-30,2026-05-30,2026-01-31,2026-04-30,2.0,8093083.7,False,,,no_prices,,Defiance Daily Target 2X Short OKLO ETF,OKLS
S000096122,Tradr 2X Long ON Daily ETF,Investment Managers Series Trust II,ON,2.0,"1.75,2",daily,ONX,ONX,2026-05-29,2026-07-30,2026-05-28,2026-09-23,2026-02-28,2026-07-30,2026-06-30,2026-06-30,1.0,2146329.63,False,1.9815759088632248,0.991288491567016,ok,1.0,Tradr 2X Long ON Daily ETF,ONX
S000100579,Tradr 2X Long ONDS Daily ETF,Investment Managers Series Trust II,ONDS,2.0,2,daily,ONDU,ONDU,2026-01-14,2026-07-30,2026-01-13,2026-09-23,2025-11-30,2026-07-30,2026-03-31,2026-06-30,2.0,5535067.36,False,1.9845421865623445,0.9970177458493532,ok,1.0,Tradr 2X Long ONDS Daily ETF,ONDU
S000096123,Tradr 2X Long OPEN Daily ETF,Investment Managers Series Trust II,OPEN,2.0,2,daily,OPEX,OPEX,2025-10-24,2026-07-30,2025-10-23,2026-09-23,2025-08-31,2026-07-30,2025-12-31,2026-06-30,3.0,16442317.63,False,2.007426439108721,0.9913024407284944,ok,1.0,Tradr 2X Long OPEN Daily ETF,OPEX
S000094250,Direxion Daily ORCL Bear 1X ETF,Direxion Shares ETF Trust,ORCL,-1.0,-1,daily,ORCS,ORCS,2025-11-20,2026-05-29,2025-11-19,2026-09-23,2025-09-30,2026-05-30,2026-01-31,2026-04-30,2.0,8804724.71,False,-1.0111908817755026,0.9969038911752502,ok,1.0,Direxion Daily ORCL Bear 1X ETF,ORCS
S000089803,Defiance Daily Target 2X Long ORCL ETF,Tidal Trust II,ORCL,2.0,"1.75,2",daily,ORCX,ORCX,2025-02-10,2026-05-29,2025-02-07,2026-09-23,2024-12-30,2026-05-30,2025-04-30,2026-04-30,5.0,291020612.19,False,1.9882624912145748,0.9976829872355794,ok,1.0,Defiance Daily Target 2X Long ORCL ETF,ORCX
S000094251,Direxion Daily ORCL Bull 2X ETF,Direxion Shares ETF Trust,ORCL,2.0,2,daily,ORCU,ORCU,2025-11-20,2026-05-29,2025-11-19,2026-09-23,2025-09-30,2026-05-30,2026-01-31,2026-04-30,2.0,47496850.59,False,2.0066922399485847,0.9980251891947268,ok,1.0,Direxion Daily ORCL Bull 2X ETF,ORCU
S000095549,Defiance Daily Target 2X Long OSCR ETF,Tidal Trust II,OSCR,2.0,2,daily,OSCX,OSCX,2025-09-26,2026-05-29,2025-09-25,2026-09-23,2025-06-30,2026-05-30,2025-10-31,2026-04-30,3.0,9352460.94,False,2.052884062407719,0.8417249676905296,ok,1.0,Defiance Daily Target 2X Long OSCR ETF,OSCX
S000104016,Defiance Daily Target 2X Long OSS ETF,Tidal Trust II,OSS,2.0,2,daily,OSSL,OSSL,2026-05-28,2026-07-30,2026-05-27,2026-09-23,2026-02-28,2026-07-30,2026-06-30,2026-06-30,1.0,400045.0,False,2.0402494460866967,0.9895645093451682,ok,1.0,Defiance Daily Target 2X Long OSS ETF,OSSL
S000105153,GraniteShares 2x Long P Daily ETF,GraniteShares ETF Trust,P,2.0,2,daily,PUL,PUL,2026-07-08,2026-09-21,2026-07-07,2026-09-21,2026-07-07,2026-09-23,,,,,True,1.9872757947127648,0.9973618109541604,ok,1.0,GraniteShares 2x Long P Daily ETF,PUL
S000101636,T-REX 2X LONG PAAS DAILY TARGET ETF,ETF Opportunities Trust,PAAS,2.0,,daily,PAAU,,,,,,2025-11-30,2026-07-30,2026-03-31,2026-06-30,2.0,465675.39,False,,,no_prices,,T-REX 2X LONG PAAS DAILY TARGET ETF,PAAU
S000090368,Direxion Daily PANW Bear 1X ETF,Direxion Shares ETF Trust,PANW,-1.0,-1,daily,PALD,PALD,2025-03-31,2026-05-29,2025-03-27,2026-09-23,2024-12-30,2026-05-30,2025-04-30,2026-04-30,5.0,3246558.4,False,-0.9966243249966168,0.9979385840982056,ok,1.0,Direxion Daily PANW Bear 1X Shares | Direxion Daily PANW Bear 1X ETF,PALD
S000090382,Direxion Daily PANW Bull 2X ETF,Direxion Shares ETF Trust,PANW,2.0,2,daily,PALU,PALU,2025-03-28,2026-05-29,2025-03-27,2026-09-23,2024-12-30,2026-05-30,2025-04-30,2026-04-30,5.0,12172165.94,False,2.0040676488862124,0.9988756736333236,ok,1.0,Direxion Daily PANW Bull 2X Shares | Direxion Daily PANW Bull 2X ETF,PALU
S000091225,Leverage Shares 2X Long PANW Daily ETF,Themes ETF Trust,PANW,2.0,"1.75,2",daily,PANG,PANG,2025-03-24,2026-05-29,2025-03-21,2026-09-23,2024-12-30,2026-05-30,2025-04-30,2026-04-30,5.0,5194099.29,False,1.999427613773344,0.9977452333486458,ok,1.0,Leverage Shares 2X Long PANW Daily ETF,PANG
S000100580,Tradr 2X Long PATH Daily ETF,Investment Managers Series Trust II,PATH,2.0,2,daily,PATX,PATX,2026-01-14,2026-07-30,2026-01-13,2026-09-23,2025-11-30,2026-07-30,2026-03-31,2026-06-30,2.0,3901245.04,False,2.0154035695646555,0.994134130523868,ok,1.0,Tradr 2X Long PATH Daily ETF,PATX
S000089271,KraneShares 2x Long PDD Daily ETF,Krane Shares Trust,PDD,2.0,2,daily,KPDD,KPDD,2025-03-13,2026-07-30,2025-03-12,2026-09-23,2024-11-30,2026-07-30,2025-03-31,2026-06-30,6.0,18949229.74,False,1.9938071322221345,0.9976782106809732,ok,1.0,KraneShares 2x Long PDD Daily ETF,KPDD
S000090915,GraniteShares 2x Long PDD Daily ETF,GraniteShares ETF Trust,PDD,2.0,2,daily,PDDL,PDDL,2025-07-16,2026-09-23,2025-07-15,2026-09-23,2025-05-30,2026-09-23,2025-09-30,2026-06-30,4.0,9360962.76,True,2.0056498857980496,0.994757736620997,ok,1.0,GraniteShares 2x Long PDD Daily ETF,PDDL
S000076092,AXS 2X PFE Bear Daily ETF,Investment Managers Series Trust II,PFE,-2.0,,daily,PFES,,,,,,2022-05-30,2023-04-30,2022-09-30,2023-03-31,3.0,1594599.76,False,,,no_prices,,AXS 2X PFE Bear Daily ETF,PFES
S000076093,AXS 2X PFE Bull Daily ETF,Investment Managers Series Trust II,PFE,2.0,,daily,PFEL,,,,,,2022-05-30,2023-04-30,2022-09-30,2023-03-31,3.0,1232881.03,False,,,no_prices,,AXS 2X PFE Bull Daily ETF,PFEL
S000088055,Direxion Daily PLTR Bear 1X ETF,Direxion Shares ETF Trust,PLTR,-1.0,-1,daily,PLTD,PLTD,2024-12-13,2026-05-29,2024-12-12,2026-09-23,2024-09-30,2026-05-30,2025-01-31,2026-04-30,6.0,58497654.11,False,-0.9967194511165384,0.9991243612868628,ok,1.0,Direxion Daily PLTR Bear 1X Shares | Direxion Daily PLTR Bear 1X ETF,PLTD
S000076345,GraniteShares 2x Long PLTR Daily ETF,GraniteShares ETF Trust,PLTR,2.0,2,daily,PTIR,PTIR,2024-09-05,2026-09-23,2024-09-04,2026-09-23,2024-05-30,2026-09-23,2024-09-30,2026-06-30,8.0,761707621.8,True,1.992917282607916,0.9996777904054508,ok,1.0,GraniteShares 2x Long Palantir Daily ETF | GraniteShares 1.25x Long PLTR Daily ETF | GraniteShares 2x Long PLTR Daily ETF,PTIR
S000088054,Direxion Daily PLTR Bull 2X ETF,Direxion Shares ETF Trust,PLTR,2.0,2,daily,PLTU,PLTU,2024-12-12,2026-05-29,2024-12-11,2026-09-23,2024-09-30,2026-05-30,2025-01-31,2026-04-30,6.0,577933115.29,False,1.988362219939901,0.9995917968380884,ok,1.0,Direxion Daily PLTR Bull 2X Shares | Direxion Daily PLTR Bull 2X ETF,PLTU
S000091226,Leverage Shares 2X Long PLTR Daily ETF,Themes ETF Trust,PLTR,2.0,2,daily,PLTG,PLTG,2025-04-28,2026-05-29,2025-04-25,2026-09-23,2024-12-30,2026-05-30,2025-04-30,2026-04-30,5.0,31530238.64,False,1.9903658975011416,0.998404743533806,ok,1.0,Leverage Shares 2X Long PLTR Daily ETF,PLTG
S000094858,ProShares Ultra PLTR,PROSHARES TRUST,PLTR,2.0,2,daily,PLTA,PLTA,2025-09-11,2026-09-23,2025-09-10,2026-09-23,2025-07-30,2026-09-23,2025-11-30,2026-05-31,3.0,9496811.77,True,1.9893827217184703,0.9989383553855502,ok,1.0,ProShares Ultra PLTR,PLTA
S000100550,Leverage Shares 2X Long PLUG Daily ETF,Themes ETF Trust,PLUG,2.0,"1.75,2",daily,PLUL,PLUL,2026-01-14,2026-05-29,2026-01-13,2026-09-23,2025-09-30,2026-05-30,2026-01-31,2026-04-30,2.0,3041031.94,False,1.9588685023617332,0.9935723946872632,ok,1.0,Leverage Shares 2X Long PLUG Daily ETF,PLUL
S000092418,Defiance Daily Target 2X Long PM ETF,Tidal Trust II,PM,2.0,,daily,XPM,,,,,,2025-06-30,2025-11-30,2025-10-31,2025-10-31,1.0,463636.04,False,,,no_prices,,Defiance Daily Target 2X Long PM ETF,XPM
S000095059,Tradr 2X Long PONY Daily ETF,Investment Managers Series Trust II,PONY,2.0,2,daily,PONX,PONX,2025-09-10,2026-07-30,2025-09-09,2026-09-23,2025-05-30,2026-07-30,2025-09-30,2026-06-30,4.0,6563957.7,False,2.000446728224014,0.9893672063375148,ok,1.0,Tradr 2X Long PONY Daily ETF,PONX
S000076094,AXS 1.5X PYPL Bear Daily ETF,Investment Managers Series Trust II,PYPL,-1.5,,daily,PYPS,,,,,,2022-05-30,2023-04-30,2022-09-30,2023-03-31,3.0,969822.84,False,,,no_prices,,AXS 2X PYPL Bear Daily ETF | AXS 1.5X PYPL Bear Daily ETF,PYPS
S000076095,AXS 1.5X PYPL Bull Daily ETF,Investment Managers Series Trust II,PYPL,1.5,,daily,PYPT,,,,,,2022-05-30,2023-07-30,2022-09-30,2023-06-30,4.0,1774582.33,False,,,no_prices,,AXS 2X PYPL Bull Daily ETF | AXS 1.5X PYPL Bull Daily ETF,PYPT
S000091227,Leverage Shares 2X Long PYPL Daily ETF,Themes ETF Trust,PYPL,2.0,2,daily,PYPG,PYPG,2025-04-07,2026-05-29,2025-04-04,2026-09-23,2024-12-30,2026-05-30,2025-04-30,2026-04-30,5.0,32843854.28,False,2.0013379255467347,0.9973080994214216,ok,1.0,Leverage Shares 2X Long PYPL Daily ETF,PYPG
S000092897,Direxion Daily PYPL Bull 2X ETF,Direxion Shares ETF Trust,PYPL,2.0,2,daily,PYPU,PYPU,2026-03-26,2026-05-29,2026-03-25,2026-09-23,2025-12-30,2026-05-30,2026-04-30,2026-04-30,1.0,3142562.54,False,2.003517732542719,0.9960313434791732,ok,1.0,Direxion Daily PYPL Bull 2X Shares | Direxion Daily PYPL Bull 2X ETF,PYPU
S000093245,Defiance Daily Target 2X Short QBTS ETF,Tidal Trust II,QBTS,-2.0,-2,daily,QBTZ,QBTZ,2025-10-08,2026-05-29,2025-10-07,2026-09-23,2025-06-30,2026-05-30,2025-10-31,2026-04-30,3.0,30470666.05,False,-1.9948254358330884,0.996977039225262,ok,1.0,Defiance Daily Target 2X Short QBTS ETF,QBTZ
S000091896,Tradr 2X Long QBTS Daily ETF,Investment Managers Series Trust II,QBTS,2.0,2,daily,QBTX,QBTX,2025-04-28,2026-07-30,2025-04-25,2026-09-23,2025-02-28,2026-07-30,2025-06-30,2026-06-30,5.0,118215998.06,False,1.9766785605924695,0.9965312582768012,ok,1.0,Tradr 2X Long QBTS Daily ETF,QBTX
S000090370,Direxion Daily QCOM Bear 1X ETF,Direxion Shares ETF Trust,QCOM,-1.0,-1,daily,QCMD,QCMD,2025-06-26,2026-05-29,2025-06-25,2026-09-23,2025-03-31,2026-05-30,2025-07-31,2026-04-30,4.0,2933768.63,False,-1.0073193724177278,0.997635907324037,ok,1.0,Direxion Daily QCOM Bear 1X ETF,QCMD
S000088293,GraniteShares 2x Long QCOM Daily ETF,GraniteShares ETF Trust,QCOM,2.0,"1.75,2",daily,QCML,QCML,2025-04-04,2026-09-23,2025-04-03,2026-09-23,2024-11-30,2026-09-23,2025-03-31,2026-06-30,6.0,136158951.25,True,2.0110424802384843,0.993966452521413,ok,1.0,GraniteShares 2x Long QCOM Daily ETF,QCML
S000090369,Direxion Daily QCOM Bull 2X ETF,Direxion Shares ETF Trust,QCOM,2.0,2,daily,QCMU,QCMU,2025-06-26,2026-05-29,2025-06-25,2026-09-23,2025-03-31,2026-05-30,2025-07-31,2026-04-30,4.0,19674140.57,False,2.029490774767663,0.9928230169479944,ok,0.9914163090128756,Direxion Daily QCOM Bull 2X ETF,QCMU
S000095916,Defiance Daily Target 2X Long QS ETF,Tidal Trust II,QS,2.0,2,daily,QSU,QSU,2025-10-22,2026-05-29,2025-10-21,2026-09-23,2025-06-30,2026-05-30,2025-10-31,2026-04-30,3.0,16783774.52,False,1.99242813989168,0.9948169080803352,ok,1.0,Defiance Daily Target 2X Long QS ETF,QSU
S000091897,Tradr 2X Long QUBT Daily ETF,Investment Managers Series Trust II,QUBT,2.0,2,daily,QUBX,QUBX,2025-06-25,2026-07-30,2025-06-24,2026-09-23,2025-02-28,2026-07-30,2025-06-30,2026-06-30,5.0,36109114.89,False,1.9774336362906133,0.9944887905537616,ok,1.0,Tradr 2X Long QUBT Daily ETF,QUBX
S000087475,T-REX 2X LONG RBLX DAILY TARGET ETF,ETF Opportunities Trust,RBLX,2.0,2,daily,RBLU,RBLU,2025-03-05,2026-07-30,2025-03-04,2026-09-23,2024-11-30,2026-07-30,2025-03-31,2026-06-30,6.0,13006100.09,False,2.008523503841885,0.9973353866156388,ok,1.0,T-REX 2X LONG RBLX DAILY TARGET ETF,RBLU
S000090916,GraniteShares 2x Long RDDT Daily ETF,GraniteShares ETF Trust,RDDT,2.0,2,daily,RDTL,RDTL,2025-03-26,2026-09-23,2025-03-25,2026-09-23,2024-11-30,2026-09-23,2025-03-31,2026-06-30,6.0,65206618.88,True,1.980813143846866,0.9984796711327846,ok,1.0,GraniteShares 2x Long RDDT Daily ETF,RDTL
S000091058,Defiance Daily Target 2X Long RGTI ETF,Tidal Trust II,RGTI,2.0,2,daily,RGTX,RGTX,2025-04-02,2026-05-29,2025-04-01,2026-09-23,2024-12-30,2026-05-30,2025-04-30,2026-04-30,5.0,163460164.85,False,1.9910527379743537,0.9989595952493168,ok,1.0,Defiance Daily Target 2X Long RGTI ETF,RGTX
S000091898,Tradr 2X Long RGTI Daily ETF,Investment Managers Series Trust II,RGTI,2.0,2,daily,RGTU,RGTU,2025-06-25,2026-07-30,2025-06-24,2026-09-23,2025-02-28,2026-07-30,2025-06-30,2026-06-30,5.0,13892309.1,False,1.994196786514628,0.9959107642056608,ok,1.0,Tradr 2X Long RGTI Daily ETF,RGTU
S000085120,Defiance Daily Target 2X Long RIOT ETF,Tidal Trust II,RIOT,2.0,2,daily,RIOX,RIOX,2025-01-06,2026-05-29,2025-01-03,2026-09-23,2024-09-30,2026-05-30,2025-01-31,2026-04-30,6.0,40216116.4,False,1.9963823586118417,0.99705052409148,ok,1.0,Defiance Daily Target 2X Long Carbon ETF | Defiance Daily Target 2X Long RIOT ETF,RIOX
S000081164,GraniteShares 2x Long RIVN Daily ETF,GraniteShares ETF Trust,RIVN,2.0,2,daily,RVNL,RVNL,2025-04-23,2026-09-23,2025-04-22,2026-09-23,2025-02-28,2026-09-23,2025-06-30,2026-06-30,5.0,15293266.61,True,1.9906637914501613,0.9962324218313164,ok,1.0,GraniteShares 1.5x Long RIVN Daily ETF | GraniteShares 2x Long RIVN Daily ETF,RVNL
S000092368,Defiance Daily Target 2X Short RKLB ETF,Tidal Trust II,RKLB,-2.0,-2,daily,RKLZ,RKLZ,2025-11-19,2026-05-29,2025-11-18,2026-09-23,2025-09-30,2026-05-30,2026-01-31,2026-04-30,2.0,12704671.41,False,-2.000846434472105,0.99864160634149,ok,1.0,Defiance Daily Target 2X Short RKLB ETF,RKLZ
S000091059,Defiance Daily Target 2X Long RKLB ETF,Tidal Trust II,RKLB,2.0,2,daily,RKLX,RKLX,2025-03-14,2026-05-29,2025-03-13,2026-09-23,2024-12-30,2026-05-30,2025-04-30,2026-04-30,5.0,235584352.45,False,1.9925516914168175,0.9992006472644112,ok,1.0,Defiance Daily Target 2X Long RKLB ETF,RKLX
S000099449,Defiance Daily Target 2X Long RKT ETF,Tidal Trust II,RKT,2.0,,daily,RKTL,,,,2026-07-17,2026-09-04,2025-09-30,2026-05-30,2026-01-31,2026-04-30,2.0,1693187.93,False,,,no_prices,,Defiance Daily Target 2X Long RKT ETF,RKTL
S000091230,Leverage Shares 2X Long RTX Daily ETF,Themes ETF Trust,RTX,2.0,2,daily,RTXG,RTXG,2025-06-09,2026-05-29,2025-06-06,2026-09-23,2025-03-31,2026-05-30,2025-07-31,2026-04-30,4.0,3955474.56,False,2.0030025101124456,0.9805942245648362,ok,0.9469387755102041,Leverage Shares 2X Long RTX Daily ETF,RTXG
S000095873,T-REX 2X LONG SBET DAILY TARGET ETF,ETF Opportunities Trust,SBET,2.0,2,daily,SBTU,SBTU,2025-10-22,2026-06-30,2025-10-21,2026-09-23,2025-07-30,2026-06-30,2025-11-30,2026-05-31,3.0,2310943.59,False,2.007278627902918,0.9934586893931154,ok,1.0,T-REX 2X LONG SBET DAILY TARGET ETF,SBTU
S000092902,Direxion Daily SHOP Bear 1X ETF,Direxion Shares ETF Trust,SHOP,-1.0,,daily,SHPD,,,,,,2025-06-30,2026-02-28,2025-10-31,2026-01-31,2.0,2967973.16,False,,,no_prices,,Direxion Daily SHOP Bear 1X Shares | Direxion Daily SHOP Bear 1X ETF,SHPD
S000092901,Direxion Daily SHOP Bull 2X ETF,Direxion Shares ETF Trust,SHOP,2.0,2,daily,SHPU,SHPU,2025-08-07,2026-05-29,2025-08-06,2026-09-23,2025-06-30,2026-05-30,2025-10-31,2026-04-30,3.0,9432367.31,False,2.005618589301875,0.9988587364930116,ok,1.0,Direxion Daily SHOP Bull 2X Shares | Direxion Daily SHOP Bull 2X ETF,SHPU
S000091503,Defiance Daily Target 2X Short SMCI ETF,Tidal Trust II,SMCI,-2.0,-2,daily,SMCZ,SMCZ,2025-04-02,2026-05-29,2025-04-01,2026-09-23,2024-12-30,2026-05-30,2025-04-30,2026-04-30,5.0,27688141.26,False,-1.9919240729773016,0.9983788324542254,ok,1.0,Defiance Daily Target 2X Short SMCI ETF,SMCZ
S000085140,Defiance Daily Target 2X Long SMCI ETF,Tidal Trust II,SMCI,2.0,2,daily,SMCX,SMCX,2024-08-22,2026-05-29,2024-08-21,2026-09-23,2024-06-30,2026-05-30,2024-10-31,2026-04-30,7.0,337634464.93,False,1.979613794531463,0.9375961790820498,ok,0.9751693002257337,Defiance Daily Target 2X Long SMCI ETF,SMCX
S000088294,GraniteShares 2x Long SMCI Daily ETF,GraniteShares ETF Trust,SMCI,2.0,2,daily,SMCL,SMCL,2024-12-16,2026-09-23,2024-12-13,2026-09-23,2024-08-31,2026-09-23,2024-12-31,2026-06-30,7.0,73140214.2,True,1.9905784994990487,0.9989123898343568,ok,1.0,GraniteShares 2x Long SMCI Daily ETF,SMCL
S000100822,Tradr 2X Short SMR Daily ETF,Investment Managers Series Trust II,SMR,-2.0,-2,daily,SMZ,SMZ,2026-02-12,2026-07-30,2026-02-11,2026-09-23,2025-11-30,2026-07-30,2026-03-31,2026-06-30,2.0,1963826.12,False,-2.011640463331534,0.9820446321780336,ok,0.9224137931034483,Tradr 2X Short SMR Daily ETF,SMZ
S000087466,T-REX 2X Long SMR Daily Target ETF,ETF Opportunities Trust,SMR,2.0,"1.75,2",daily,SMUP,SMUP,2025-07-29,2026-07-30,2025-07-28,2026-09-23,2025-05-30,2026-07-30,2025-09-30,2026-06-30,4.0,13441919.78,False,1.985431789129436,0.995718218465361,ok,1.0,T-REX 2X LONG COIN DAILY TARGET ETF | T-REX 2X Long SMR Daily Target ETF,COIU | SMUP
S000093732,Tradr 2X Long SMR Daily ETF,Investment Managers Series Trust II,SMR,2.0,2,daily,SMU,SMU,2025-07-14,2026-07-30,2025-07-11,2026-09-23,2025-05-30,2026-07-30,2025-09-30,2026-06-30,4.0,102780860.69,False,1.982228626092932,0.997689277459932,ok,1.0,Tradr 2X Long SMR Daily ETF,SMU
S000100925,Tradr 2X Long SNDK Daily ETF,Investment Managers Series Trust II,SNDK,2.0,2,daily,SNXX,SNXX,2026-01-28,2026-05-29,2026-01-27,2026-09-23,2025-09-30,2026-05-30,2026-01-31,2026-04-30,2.0,1147646442.39,False,1.9829858006438137,0.998578875726765,ok,1.0,Tradr 2X Long SNDK Daily ETF,SNXX
S000101637,T-REX 2X LONG SNDK DAILY TARGET ETF,ETF Opportunities Trust,SNDK,2.0,2,daily,SNDU,SNDU,2026-03-13,2026-07-30,2026-03-12,2026-09-23,2025-11-30,2026-07-30,2026-03-31,2026-06-30,2.0,413112727.74,False,2.0030158738152006,0.998889205555666,ok,1.0,T-REX 2X LONG SNDK DAILY TARGET ETF,SNDU
S000087479,T-REX 2X LONG SNOW DAILY TARGET ETF,ETF Opportunities Trust,SNOW,2.0,2,daily,SNOU,SNOU,2025-04-25,2026-07-30,2025-04-24,2026-09-23,2025-02-28,2026-07-30,2025-06-30,2026-06-30,5.0,24982314.95,False,2.0040920661024986,0.9917714874836108,ok,1.0,T-REX 2X LONG SNOW DAILY TARGET ETF,SNOU
S000096125,Tradr 2X Long SNPS Daily ETF,Investment Managers Series Trust II,SNPS,2.0,,daily,SNPX,,,,,,2025-08-31,2026-04-30,2025-12-31,2026-03-31,2.0,2537158.45,False,,,no_prices,,Tradr 2X Long SNPS Daily ETF,SNPX
S000089804,Defiance Daily Target 2X Long SOFI ETF,Tidal Trust II,SOFI,2.0,2,daily,SOFX,SOFX,2025-01-17,2026-05-29,2025-01-16,2026-09-23,2024-09-30,2026-05-30,2025-01-31,2026-04-30,6.0,103164951.07,False,1.9925253128408065,0.9987211849040932,ok,1.0,Defiance Daily Target 2X Long SOFI ETF,SOFX
S000092904,Direxion Daily SOFI Bull 2X ETF,Direxion Shares ETF Trust,SOFI,2.0,2,daily,SOFA,SOFA,2026-02-12,2026-05-29,2026-02-11,2026-09-23,2025-12-30,2026-05-30,2026-04-30,2026-04-30,1.0,3880002.64,False,1.9849410884607708,0.9975462026175193,ok,1.0,Direxion Daily SOFI Bull 2X Shares | Direxion Daily SOFI Bull 2X ETF,SOFA
S000091050,Defiance Daily Target 2X Long SOUN ETF,Tidal Trust II,SOUN,2.0,2,daily,SOUX,SOUX,2025-06-25,2026-05-29,2025-06-24,2026-09-23,2025-03-31,2026-05-30,2025-07-31,2026-04-30,4.0,37146254.33,False,1.9971437438503103,0.9974523805431864,ok,1.0,Defiance Daily Target 2X Long SOUN ETF,SOUX
S000096126,Tradr 2X Long SRPT Daily ETF,Investment Managers Series Trust II,SRPT,2.0,,daily,SRPU,,,,,,2025-08-31,2026-04-30,2025-12-31,2026-03-31,2.0,4658715.61,False,,,no_prices,,Tradr 2X Long SRPT Daily ETF,SRPU
S000091899,Tradr 2X Long TEM Daily ETF,Investment Managers Series Trust II,TEM,2.0,2,daily,TEMT,TEMT,2025-05-14,2026-07-30,2025-05-13,2026-09-23,2025-02-28,2026-07-30,2025-06-30,2026-06-30,5.0,59165842.55,False,1.9865754007970329,0.9983290674055316,ok,1.0,Tradr 2X Long TEM Daily ETF,TEMT
S000076096,Tradr 2X Short TSLA Daily ETF,Investment Managers Series Trust II,TSLA,-2.0,"-2,-1",daily,TSLQ,TSLQ,2022-07-15,2026-07-30,2022-07-14,2026-09-23,2022-05-30,2026-07-30,2022-09-30,2026-06-30,16.0,472420112.25,False,-1.5550959581474333,0.9070298921941008,MISMATCH+beta_varies,0.995069033530572,AXS 2X TSLA Bear Daily ETF | AXS TSLA Bear Daily ETF | Tradr TSLA Bear Daily ETF | Tradr 2X Short TSLA Daily ETF,TSLQ
S000080898,T-REX 2X INVERSE TESLA DAILY TARGET ETF,ETF Opportunities Trust,TSLA,-2.0,"-2,-1.75",daily,TSLZ,TSLZ,2023-10-20,2026-07-30,2023-10-19,2026-09-23,2023-08-31,2026-07-30,2023-12-31,2026-06-30,11.0,114448468.97,False,-1.992321808601984,0.9983160505368676,ok,1.0,T-REX 2X INVERSE TESLA DAILY TARGET ETF,TSLZ
S000081144,GraniteShares 2x Short TSLA Daily ETF,GraniteShares ETF Trust,TSLA,-2.0,"-2,-1.5",daily,TSDD,TSDD,2023-08-29,2026-09-23,2023-08-28,2026-09-23,2023-05-30,2026-09-23,2023-09-30,2026-06-30,12.0,87194045.52,True,-1.9581889913915864,0.9941604263658436,ok+beta_varies,1.0,GraniteShares 1.5x Short TSLA Daily ETF | GraniteShares 2x Short TSLA Daily ETF,TSDD
S000071019,Direxion Daily TSLA Bear 1X ETF,Direxion Shares ETF Trust,TSLA,-1.0,-1,daily,TSLS,TSLS,2022-08-11,2026-05-29,2022-08-10,2026-09-23,2022-06-30,2026-05-30,2022-10-31,2026-04-30,15.0,83478185.88,False,-1.001378997635024,0.999053476572927,ok,1.0,Direxion Daily TSLA Bear 1X Shares | Direxion Daily TSLA Bear 1X ETF,TSLS
S000076339,GraniteShares 1x Short TSLA Daily ETF,GraniteShares ETF Trust,TSLA,-1.0,,daily,TSS,,,,2025-09-10,2026-09-23,2022-05-30,2026-09-23,2022-09-30,2023-06-30,4.0,3737982.6,True,1.9858241627948847,0.9978246902547498,MISMATCH,,GraniteShares 1x Short Tesla Daily ETF | GraniteShares 1x Short TSLA Daily ETF,TSLI | TSS
S000076347,GraniteShares 1.25x Long TSLA Daily ETF,GraniteShares ETF Trust,TSLA,1.25,1.25,daily,TSL,TSL,2022-08-10,2026-09-23,2022-08-09,2026-09-23,2022-05-30,2026-09-23,2022-09-30,2026-06-30,16.0,43468070.45,True,1.2474319084402583,0.9989889018120952,ok,1.0,GraniteShares 2x Long Tesla Daily ETF | GraniteShares 1.25x Long TSLA Daily ETF,TSL
S000072483,Direxion Daily TSLA Bull 2X ETF,Direxion Shares ETF Trust,TSLA,2.0,"1.5,2",daily,TSLL,TSLL,2022-08-10,2026-05-29,2022-08-09,2026-09-23,2022-06-30,2026-05-30,2022-10-31,2026-04-30,15.0,7877516055.33,False,1.8184260929670664,0.9830212686100432,ok+beta_varies,1.0,Direxion Daily TSLA Bull 2X Shares | Direxion Daily TSLA Bull 1.5X Shares | Direxion Daily TSLA Bull 2X ETF,TSLL
S000080900,T-REX 2X LONG TESLA DAILY TARGET ETF,ETF Opportunities Trust,TSLA,2.0,2,daily,TSLT,TSLT,2023-10-20,2026-07-30,2023-10-19,2026-09-23,2023-08-31,2026-07-30,2023-12-31,2026-06-30,11.0,579107775.11,False,1.992570160242349,0.9991511534780708,ok,1.0,T-REX 2X LONG TESLA DAILY TARGET ETF,TSLT
S000081146,GraniteShares 2x Long TSLA Daily ETF,GraniteShares ETF Trust,TSLA,2.0,"1.75,2",daily,TSLR,TSLR,2023-08-29,2026-09-23,2023-08-28,2026-09-23,2023-05-30,2026-09-23,2023-09-30,2026-06-30,12.0,349683111.48,True,1.978108969145362,0.9978946345825414,ok,1.0,GraniteShares 1.75x Long TSLA Daily ETF | GraniteShares 2x Long TSLA Daily ETF,TSLR
S000086635,Leverage Shares 2X Long TSLA Daily ETF,Themes ETF Trust,TSLA,2.0,2,daily,TSLG,TSLG,2024-12-16,2026-05-29,2024-12-13,2026-09-23,2024-09-30,2026-05-30,2025-01-31,2026-04-30,6.0,52432450.69,False,1.994649752628244,0.998887790428734,ok,1.0,Leverage Shares 2X Long TSLA Daily ETF,TSLG
S000094859,ProShares Ultra TSLA,PROSHARES TRUST,TSLA,2.0,2,daily,TSLI,TSLI,2025-09-11,2026-09-23,2025-09-10,2026-09-23,2025-07-30,2026-09-23,2025-11-30,2026-05-31,3.0,8777759.32,True,1.9858241627948847,0.9978246902547498,ok,1.0,ProShares Ultra TSLA,TSLI
S000096887,Defiance Daily Target 2X Short TSM ETF,Tidal Trust II,TSM,-2.0,-2,daily,STSM,STSM,2025-11-19,2026-05-29,2025-11-18,2026-09-23,2025-09-30,2026-05-30,2026-01-31,2026-04-30,2.0,1503545.03,False,-1.985071019115181,0.9949787974554136,ok,1.0,Defiance Daily Target 2X Short TSM ETF,STSM
S000088057,Direxion Daily TSM Bear 1X ETF,Direxion Shares ETF Trust,TSM,-1.0,-1,daily,TSMZ,TSMZ,2024-10-04,2026-05-29,2024-10-03,2026-09-21,2024-06-30,2026-05-30,2024-10-31,2026-04-30,7.0,4961296.94,False,-0.9930389058849576,0.9955966057988596,ok,1.0,Direxion Daily TSM Bear 1X Shares | Direxion Daily TSM Bear 1X ETF,TSMZ
S000086636,Leverage Shares 2X Long TSM Daily ETF,Themes ETF Trust,TSM,2.0,2,daily,TSMG,TSMG,2025-01-15,2026-05-29,2025-01-14,2026-09-23,2024-09-30,2026-05-30,2025-01-31,2026-04-30,6.0,22974489.53,False,1.9930709231426813,0.9946514024650528,ok,1.0,Leverage Shares 2X Long TSM Daily ETF,TSMG
S000087482,T-REX 2X LONG TSM DAILY TARGET ETF,ETF Opportunities Trust,TSM,2.0,2,daily,TSMU,TSMU,2024-11-13,2026-09-23,2024-11-12,2026-09-23,2024-11-12,2026-09-23,,,,,True,1.9903394370827845,0.996470498687481,ok,1.0,T-REX 2X LONG TSM DAILY TARGET ETF,TSMU
S000088056,Direxion Daily TSM Bull 2X ETF,Direxion Shares ETF Trust,TSM,2.0,2,daily,TSMX,TSMX,2024-10-04,2026-05-29,2024-10-03,2026-09-23,2024-06-30,2026-05-30,2024-10-31,2026-04-30,7.0,538588462.62,False,1.994073055443903,0.9981098051371045,ok,1.0,Direxion Daily TSM Bull 2X Shares | Direxion Daily TSM Bull 2X ETF,TSMX
S000088295,GraniteShares 2x Long TSM Daily ETF,GraniteShares ETF Trust,TSM,2.0,2,daily,TSMU,TSMU,2024-11-13,2026-09-23,2024-11-12,2026-09-23,2024-08-31,2026-09-23,2024-12-31,2026-06-30,7.0,64439434.98,True,1.9903394370827845,0.996470498687481,ok,1.0,GraniteShares 2x Long TSM Daily ETF,TSMU
S000093886,T-REX 2X LONG TTD DAILY TARGET ETF,ETF Opportunities Trust,TTD,2.0,2,daily,TTDU,TTDU,2025-09-18,2026-07-30,2025-09-17,2026-09-23,2025-05-30,2026-07-30,2025-09-30,2026-06-30,4.0,11534676.64,False,1.99877768296634,0.9932073436216304,ok,1.0,T-REX 2X LONG TTD DAILY TARGET ETF,TTDU
S000094266,Direxion Daily TXN Bull 2X ETF,Direxion Shares ETF Trust,TXN,2.0,2,daily,TXNU,TXNU,2026-03-26,2026-05-29,2026-03-25,2026-09-23,2025-12-30,2026-05-30,2026-04-30,2026-04-30,1.0,6198275.65,False,1.9849815271905331,0.9960344285870164,ok,1.0,Direxion Daily TXN Bull 2X ETF,TXNU
S000095061,Tradr 2X Long U Daily ETF,Investment Managers Series Trust II,U,2.0,2,daily,UNX,UNX,2025-09-17,2026-07-30,2025-09-16,2026-09-23,2025-05-30,2026-07-30,2025-09-30,2026-06-30,4.0,4269232.21,False,2.0181693394264806,0.995414246726495,ok,1.0,Tradr 2X Long U Daily ETF,UNX
S000076351,GraniteShares 2x Long UBER Daily ETF,GraniteShares ETF Trust,UBER,2.0,2,daily,UBRL,UBRL,2024-09-05,2026-09-23,2024-09-04,2026-09-23,2024-05-30,2026-09-23,2024-09-30,2026-06-30,8.0,31812051.21,True,1.9943133042578995,0.9974737537326503,ok,1.0,GraniteShares 2x Long Uber Daily ETF | GraniteShares 1.5x Long UBER Daily ETF | GraniteShares 2x Long UBER Daily ETF,UBRL
S000085493,Leverage Shares 2X Long UNH Daily ETF,Themes ETF Trust,UNH,2.0,2,daily,UNHG,UNHG,2025-07-23,2026-05-29,2025-07-22,2026-09-23,2025-03-31,2026-05-30,2025-07-31,2026-04-30,4.0,231157669.36,False,1.9941055126510148,0.9976676562282718,ok,1.0,Themes Waste & Recycling ETF | Leverage Shares 2X Long UNH Daily ETF,USED | UNHG
S000094271,Direxion Daily UNH Bull 2X ETF,Direxion Shares ETF Trust,UNH,2.0,2,daily,UNHU,UNHU,2026-03-26,2026-05-29,2026-03-25,2026-09-23,2025-12-30,2026-05-30,2026-04-30,2026-04-30,1.0,5621663.31,False,1.963079281014012,0.9909894512832248,ok,1.0,Direxion Daily UNH Bull 2X ETF,UNHU
S000091892,Tradr 2X Long UPST Daily ETF,Investment Managers Series Trust II,UPST,2.0,2,daily,UPSX,UPSX,2025-06-11,2026-07-30,2025-06-10,2026-09-23,2025-02-28,2026-07-30,2025-06-30,2026-06-30,5.0,64295086.55,False,1.988821048608701,0.9974613212706872,ok,1.0,Tradr 2X Long UPST Daily ETF,UPSX
S000093888,T-REX 2X LONG UPXI DAILY TARGET ETF,ETF Opportunities Trust,UPXI,2.0,,daily,PXIU,,,,,,2025-05-30,2026-01-31,2025-09-30,2025-12-31,2.0,2106029.03,False,,,no_prices,,T-REX 2X LONG UPXI DAILY TARGET ETF,PXIU
S000100586,Tradr 2X Long USAR Daily ETF,Investment Managers Series Trust II,USAR,2.0,2,daily,USAX,USAX,2026-01-14,2026-07-30,2026-01-13,2026-09-23,2025-11-30,2026-07-30,2026-03-31,2026-06-30,2.0,10312766.13,False,1.9853970316635376,0.9979664464119866,ok,1.0,Tradr 2X Long USAR Daily ETF,USAX
S000104018,Defiance Daily Target 2X Long VELO ETF,Tidal Trust II,VELO,2.0,2,daily,VELL,VELL,2026-06-08,2026-07-30,2026-06-05,2026-09-23,2026-02-28,2026-07-30,2026-06-30,2026-06-30,1.0,2195827.74,False,1.984718951373698,0.9962357963145986,ok,1.0,Defiance Daily Target 2X Long VELO ETF,VELL
S000095063,Tradr 2X Long VOYG Daily ETF,Investment Managers Series Trust II,VOYG,2.0,,daily,VOYX,,,,,,2025-05-30,2026-04-30,2025-09-30,2026-03-31,3.0,1217715.91,False,,,no_prices,,Tradr 2X Long VOYG Daily ETF,VOYX
S000090909,GraniteShares 2x Long VRT Daily ETF,GraniteShares ETF Trust,VRT,2.0,2,daily,VRTL,VRTL,2025-03-26,2026-09-23,2025-03-25,2026-09-23,2024-11-30,2026-09-23,2025-03-31,2026-06-30,6.0,88035468.99,True,1.9889776969444184,0.996136950176234,ok,1.0,GraniteShares 2x Long VRT Daily ETF,VRTL
S000091051,Defiance Daily Target 2X Long VST ETF,Tidal Trust II,VST,2.0,2,daily,VSTL,VSTL,2025-07-23,2026-05-29,2025-07-22,2026-09-23,2025-03-31,2026-05-30,2025-07-31,2026-04-30,4.0,7651507.18,False,1.9780999118283271,0.9971852991376494,ok,1.0,Defiance Daily Target 2X Long VST ETF,VSTY | VSTL
S000100587,Tradr 2X Long WDC Daily ETF,Investment Managers Series Trust II,WDC,2.0,2,daily,WDCX,WDCX,2026-01-28,2026-07-30,2026-01-27,2026-09-23,2025-11-30,2026-07-30,2026-03-31,2026-06-30,2.0,263100999.47,False,2.0206570802565174,0.9981793540321128,ok,1.0,Tradr 2X Long WDC Daily ETF,WDCX
S000096128,Tradr 2X Long WULF Daily ETF,Investment Managers Series Trust II,WULF,2.0,2,daily,WULX,WULX,2025-10-24,2026-07-30,2025-10-23,2026-09-23,2025-08-31,2026-07-30,2025-12-31,2026-06-30,3.0,20519233.6,False,1.9806783403332389,0.9946315733676836,ok,1.0,Tradr 2X Long WULF Daily ETF,WULX
S000103269,Defiance Daily Target 2X Long WYFI ETF,Tidal Trust II,WYFI,2.0,2,daily,WYFL,WYFL,2026-06-05,2026-07-30,2026-06-04,2026-09-23,2026-02-28,2026-07-30,2026-06-30,2026-06-30,1.0,5866776.86,False,2.002908109194831,0.996749308235371,ok,1.0,Defiance Daily Target 2X Long WYFI ETF,WYFL
S000100946,Tradr 2X Long XNDU Daily ETF,Investment Managers Series Trust II,XNDU,2.0,2,daily,XNDX,XNDX,2026-05-08,2026-07-30,2026-05-07,2026-09-23,2026-02-28,2026-07-30,2026-06-30,2026-06-30,1.0,8459983.4,False,1.9614449802817089,0.99676532024125,ok,1.0,Tradr 2X Long XNDU Daily ETF,XNDX
S000090374,Direxion Daily XOM Bear 1X ETF,Direxion Shares ETF Trust,XOM,-1.0,,daily,XOMZ,,,,,,2024-12-30,2026-02-28,2025-04-30,2026-01-31,4.0,2564676.46,False,,,no_prices,,Direxion Daily XOM Bear 1X Shares | Direxion Daily XOM Bear 1X ETF,XOMZ
S000090373,Direxion Daily XOM Bull 2X ETF,Direxion Shares ETF Trust,XOM,2.0,"1.75,2",daily,XOMX,XOMX,2025-04-24,2026-05-29,2025-04-23,2026-09-23,2024-12-30,2026-05-30,2025-04-30,2026-04-30,5.0,7936312.18,False,1.9886097393789235,0.9892541152109656,ok,1.0,Direxion Daily XOM Bull 2X Shares | Direxion Daily XOM Bull 2X ETF,XOMX
S000091231,Leverage Shares 2X Long XYZ Daily ETF,Themes ETF Trust,XYZ,2.0,2,daily,XYZG,XYZG,2025-04-07,2026-05-29,2025-04-04,2026-09-21,2024-12-30,2026-05-30,2025-04-30,2026-04-30,5.0,4072056.37,False,1.991165111781696,0.9970820428931008,ok,1.0,Leverage Shares 2X Long XYZ Daily ETF,XYZG
S000095541,Defiance Daily Target 2X Long ZETA ETF,Tidal Trust II,ZETA,2.0,,daily,ZETX,,,,2026-07-17,2026-09-04,2025-12-30,2026-05-30,2026-04-30,2026-04-30,1.0,1282273.28,False,,,no_prices,,Defiance Daily Target 2X Long ZETA ETF,ZETX
