quarter,beta,n,ticker,series_id,L_target
2025Q3,1.9876234407244777,51,AALG,S000091218,2.0
2025Q4,1.9926376599194282,61,AALG,S000091218,2.0
2026Q1,1.9564249139389276,58,AALG,S000091218,2.0
2026Q2,2.019433610352681,59,AALG,S000091218,2.0
2026Q3,1.9846056183580345,54,AALG,S000091218,2.0
2026Q2,1.9836256480765528,62,AAOX,S000100913,2.0
2026Q3,1.9922736674100316,56,AAOX,S000100913,2.0
2026Q3,-2.0001626795439043,47,AAOZ,S000105722,-2.0
2022Q3,1.487275418322337,35,AAPU,S000076233,2.0
2022Q4,1.4791771399207665,59,AAPU,S000076233,2.0
2023Q1,1.4989336938918874,60,AAPU,S000076233,2.0
2023Q2,1.513980933096865,49,AAPU,S000076233,2.0
2023Q3,1.5051053806908474,56,AAPU,S000076233,2.0
2023Q4,1.494601757360836,56,AAPU,S000076233,2.0
2024Q1,1.502570235574181,56,AAPU,S000076233,2.0
2024Q2,1.989964408213991,57,AAPU,S000076233,2.0
2024Q3,2.004637708292905,53,AAPU,S000076233,2.0
2024Q4,2.0202698078222876,53,AAPU,S000076233,2.0
2025Q1,1.9858901956785722,51,AAPU,S000076233,2.0
2025Q2,1.9639608524556653,57,AAPU,S000076233,2.0
2025Q3,2.000510736076186,54,AAPU,S000076233,2.0
2025Q4,2.0110954001500225,51,AAPU,S000076233,2.0
2026Q1,2.005325235753096,54,AAPU,S000076233,2.0
2026Q2,1.9717693034314923,53,AAPU,S000076233,2.0
2026Q3,1.9939486854216775,53,AAPU,S000076233,2.0
2022Q3,1.722583334138893,34,AAPB,S000076355,2.0
2022Q4,1.7137863250677154,59,AAPB,S000076355,2.0
2023Q1,1.693532097316577,60,AAPB,S000076355,2.0
2023Q2,1.740097089110684,49,AAPB,S000076355,2.0
2023Q3,1.7492384904987088,56,AAPB,S000076355,2.0
2023Q4,1.7234034271262288,56,AAPB,S000076355,2.0
2024Q1,1.8791486134359614,56,AAPB,S000076355,2.0
2024Q2,1.99270713985269,57,AAPB,S000076355,2.0
2024Q3,2.0228402013936924,53,AAPB,S000076355,2.0
2024Q4,2.0199645588243698,53,AAPB,S000076355,2.0
2025Q1,1.9850729800751792,51,AAPB,S000076355,2.0
2025Q2,1.9717468413159982,57,AAPB,S000076355,2.0
2025Q3,2.0059390403598694,54,AAPB,S000076355,2.0
2025Q4,1.9985588998488564,51,AAPB,S000076355,2.0
2026Q1,2.001798490191156,54,AAPB,S000076355,2.0
2026Q2,2.0660674360485833,53,AAPB,S000076355,2.0
2026Q3,2.0214315492018287,53,AAPB,S000076355,2.0
2024Q1,1.9412081495476925,48,AAPX,S000083676,2.0
2024Q2,2.0031361714960534,57,AAPX,S000083676,2.0
2024Q3,2.0031728204737234,53,AAPX,S000083676,2.0
2024Q4,2.0208846872136847,53,AAPX,S000083676,2.0
2025Q1,1.9910841917790407,51,AAPX,S000083676,2.0
2025Q2,1.9762226026407284,57,AAPX,S000083676,2.0
2025Q3,2.0107470286021054,54,AAPX,S000083676,2.0
2025Q4,2.019496946130144,51,AAPX,S000083676,2.0
2026Q1,2.0232225636320087,54,AAPX,S000083676,2.0
2026Q2,1.9509299826737292,53,AAPX,S000083676,2.0
2026Q3,1.9940780829218385,53,AAPX,S000083676,2.0
2022Q3,-1.0033728902941317,34,AAPD,S000076244,-1.0
2022Q4,-0.9880808870290259,59,AAPD,S000076244,-1.0
2023Q1,-1.0026159040792948,60,AAPD,S000076244,-1.0
2023Q2,-1.0033051677779374,49,AAPD,S000076244,-1.0
2023Q3,-1.0154918094455838,56,AAPD,S000076244,-1.0
2023Q4,-1.011127369825579,56,AAPD,S000076244,-1.0
2024Q1,-0.9917308957183656,56,AAPD,S000076244,-1.0
2024Q2,-1.006527017492333,57,AAPD,S000076244,-1.0
2024Q3,-0.9950381737648741,53,AAPD,S000076244,-1.0
2024Q4,-1.0099002929032412,53,AAPD,S000076244,-1.0
2025Q1,-0.9993463143233504,51,AAPD,S000076244,-1.0
2025Q2,-0.9951996811592089,57,AAPD,S000076244,-1.0
2025Q3,-0.9954399933012779,54,AAPD,S000076244,-1.0
2025Q4,-0.9962292661802542,51,AAPD,S000076244,-1.0
2026Q1,-1.003486776556813,54,AAPD,S000076244,-1.0
2026Q2,-0.981552341602975,53,AAPD,S000076244,-1.0
2026Q3,-0.9969444425038706,53,AAPD,S000076244,-1.0
2025Q3,1.9952331676194115,62,ARCX,S000091891,2.0
2025Q4,1.9767633051972946,59,ARCX,S000091891,2.0
2026Q1,1.9933984779629386,58,ARCX,S000091891,2.0
2026Q2,1.9468472665375012,59,ARCX,S000091891,2.0
2026Q3,2.0085064119327942,57,ARCX,S000091891,2.0
2025Q2,1.9963215925670859,54,ADBG,S000091233,2.0
2025Q3,1.9754728760640339,59,ADBG,S000091233,2.0
2025Q4,1.9923542966789876,53,ADBG,S000091233,2.0
2026Q1,1.9971327176604141,58,ADBG,S000091233,2.0
2026Q2,1.9906743562315468,60,ADBG,S000091233,2.0
2026Q3,2.0061963821239917,55,ADBG,S000091233,2.0
2026Q2,2.022085799881326,60,ADBU,S000094236,2.0
2026Q3,2.004286880091138,55,ADBU,S000094236,2.0
2026Q3,2.012737126692226,51,ADIU,S000105552,2.0
2026Q3,1.982910487117897,57,AEHG,S000105563,2.0
2025Q4,1.961519660691457,58,AFRU,S000093883,2.0
2026Q1,1.9309533815052238,57,AFRU,S000093883,2.0
2026Q2,2.0400050066980873,61,AFRU,S000093883,2.0
2026Q3,1.9634867450832665,55,AFRU,S000093883,2.0
2025Q3,2.023255401456376,34,LABX,S000091893,2.0
2025Q4,1.9897113022158017,61,LABX,S000091893,2.0
2026Q1,1.9915161089919184,56,LABX,S000091893,2.0
2026Q2,2.01608724409358,61,LABX,S000091893,2.0
2026Q3,2.010398815506632,56,LABX,S000091893,2.0
2026Q2,2.0399358442893827,38,AMA,S000089799,2.0
2026Q3,2.0060663358656727,55,AMA,S000089799,2.0
2024Q2,1.992068500414119,60,AMDL,S000076350,2.0
2024Q3,1.9951045399104612,59,AMDL,S000076350,2.0
2024Q4,1.993469233900854,56,AMDL,S000076350,2.0
2025Q1,2.011993471660305,56,AMDL,S000076350,2.0
2025Q2,2.000528471981428,57,AMDL,S000076350,2.0
2025Q3,2.00240397132313,58,AMDL,S000076350,2.0
2025Q4,1.9977972638894543,58,AMDL,S000076350,2.0
2026Q1,1.9870486342885068,58,AMDL,S000076350,2.0
2026Q2,1.997989664319702,60,AMDL,S000076350,2.0
2026Q3,2.031118658421498,55,AMDL,S000076350,2.0
2025Q1,1.9886093451212892,43,AMDG,S000086639,2.0
2025Q2,2.005378799149613,57,AMDG,S000086639,2.0
2025Q3,2.013530233145606,58,AMDG,S000086639,2.0
2025Q4,1.9959991125372616,58,AMDG,S000086639,2.0
2026Q1,2.0105464095327625,58,AMDG,S000086639,2.0
2026Q2,1.984846661931991,60,AMDG,S000086639,2.0
2026Q3,2.047603261203503,55,AMDG,S000086639,2.0
2025Q2,2.0137557205909995,56,AMUU,S000088048,2.0
2025Q3,2.0189109011594417,58,AMUU,S000088048,2.0
2025Q4,2.0022308303755505,58,AMUU,S000088048,2.0
2026Q1,2.002659780289707,58,AMUU,S000088048,2.0
2026Q2,1.9822655612402833,60,AMUU,S000088048,2.0
2026Q3,2.0304287848285316,55,AMUU,S000088048,2.0
2025Q1,-1.0094052228600154,24,AMDD,S000088058,-1.0
2025Q2,-1.0070540264357033,57,AMDD,S000088058,-1.0
2025Q3,-1.0034754434256399,58,AMDD,S000088058,-1.0
2025Q4,-0.9971448689252376,58,AMDD,S000088058,-1.0
2026Q1,-0.9996180186249604,58,AMDD,S000088058,-1.0
2026Q2,-1.0053680323291785,60,AMDD,S000088058,-1.0
2026Q3,-1.0257597590316239,55,AMDD,S000088058,-1.0
2025Q4,-1.9858634286340913,25,DAMD,S000096879,-2.0
2026Q1,-2.020570552709447,58,DAMD,S000096879,-2.0
2026Q2,-1.977811080225032,60,DAMD,S000096879,-2.0
2026Q3,-1.9866748523311701,55,DAMD,S000096879,-2.0
2026Q2,2.01334886056573,36,AMKL,S000100996,2.0
2026Q3,2.0100540741315895,55,AMKL,S000100996,2.0
2022Q3,1.473077627806648,17,AMZU,S000076237,2.0
2022Q4,1.4705972686390638,61,AMZU,S000076237,2.0
2023Q1,1.4906683817627437,55,AMZU,S000076237,2.0
2023Q2,1.4938820971312323,54,AMZU,S000076237,2.0
2023Q3,1.4982591366864888,51,AMZU,S000076237,2.0
2023Q4,1.48234139667882,57,AMZU,S000076237,2.0
2024Q1,1.4861039732890315,57,AMZU,S000076237,2.0
2024Q2,1.9624198502355148,52,AMZU,S000076237,2.0
2024Q3,1.9977434225251753,59,AMZU,S000076237,2.0
2024Q4,2.0027774602519917,60,AMZU,S000076237,2.0
2025Q1,1.9924828533433252,53,AMZU,S000076237,2.0
2025Q2,1.9728497472821065,59,AMZU,S000076237,2.0
2025Q3,1.9923384294263777,54,AMZU,S000076237,2.0
2025Q4,1.9943173511009384,57,AMZU,S000076237,2.0
2026Q1,1.9979994334238733,57,AMZU,S000076237,2.0
2026Q2,1.9969541793181826,59,AMZU,S000076237,2.0
2026Q3,1.9691865032846052,53,AMZU,S000076237,2.0
2024Q2,1.9629062993107547,52,AMZZ,S000076354,2.0
2024Q3,2.0258189687830237,59,AMZZ,S000076354,2.0
2024Q4,2.00580480240864,60,AMZZ,S000076354,2.0
2025Q1,1.989893918289399,53,AMZZ,S000076354,2.0
2025Q2,1.9831213933964236,59,AMZZ,S000076354,2.0
2025Q3,1.9952315180138267,54,AMZZ,S000076354,2.0
2025Q4,1.9914982821238274,57,AMZZ,S000076354,2.0
2026Q1,1.9572076659168969,57,AMZZ,S000076354,2.0
2026Q2,2.0010691155703793,59,AMZZ,S000076354,2.0
2026Q3,1.9837352592447435,53,AMZZ,S000076354,2.0
2022Q3,-0.9848203329277412,16,AMZD,S000076246,-1.0
2022Q4,-0.9965578130903119,61,AMZD,S000076246,-1.0
2023Q1,-0.9942505887795539,55,AMZD,S000076246,-1.0
2023Q2,-0.9955361428792492,54,AMZD,S000076246,-1.0
2023Q3,-0.9922166326048873,51,AMZD,S000076246,-1.0
2023Q4,-0.9985200964987494,57,AMZD,S000076246,-1.0
2024Q1,-0.9959497258083444,57,AMZD,S000076246,-1.0
2024Q2,-0.9864862377031316,52,AMZD,S000076246,-1.0
2024Q3,-0.9997810442112791,59,AMZD,S000076246,-1.0
2024Q4,-1.0017653414031273,60,AMZD,S000076246,-1.0
2025Q1,-0.9896024276006412,53,AMZD,S000076246,-1.0
2025Q2,-0.9921064084968052,59,AMZD,S000076246,-1.0
2025Q3,-0.9837609201483692,54,AMZD,S000076246,-1.0
2025Q4,-1.016774523464689,57,AMZD,S000076246,-1.0
2026Q1,-1.0067376248872248,57,AMZD,S000076246,-1.0
2026Q2,-1.0028633225549661,59,AMZD,S000076246,-1.0
2026Q3,-1.0005137919772764,53,AMZD,S000076246,-1.0
2026Q2,-1.9877035294272054,59,AMZO,S000100828,-2.0
2026Q3,-1.984904187131067,53,AMZO,S000100828,-2.0
2025Q3,2.009907719927982,18,ANEL,S000092416,2.0
2025Q4,2.0041902276547297,59,ANEL,S000092416,2.0
2026Q1,1.9803052212570893,59,ANEL,S000092416,2.0
2026Q2,2.0018120786859086,56,ANEL,S000092416,2.0
2026Q3,1.9913719819183724,53,ANEL,S000092416,2.0
2026Q1,2.0094151884713973,28,APHU,S000098202,2.0
2026Q2,1.9531253995552535,61,APHU,S000098202,2.0
2026Q3,2.0399924985093767,54,APHU,S000098202,2.0
2026Q3,1.9896641463568698,54,APHG,S000105565,2.0
2025Q3,2.001665791572974,15,APLX,S000095051,2.0
2025Q4,2.009991013326514,62,APLX,S000095051,2.0
2026Q1,1.982828193968559,59,APLX,S000095051,2.0
2026Q2,1.9769942293630984,59,APLX,S000095051,2.0
2026Q3,1.9874572495334542,55,APLX,S000095051,2.0
2026Q1,-1.985752280353778,45,APLZ,S000100830,-2.0
2026Q2,-1.9931610315227368,59,APLZ,S000100830,-2.0
2026Q3,-2.0156101471193746,55,APLZ,S000100830,-2.0
2025Q2,1.9517123213276684,42,APPX,S000091894,2.0
2025Q3,1.9576575290394844,60,APPX,S000091894,2.0
2025Q4,1.992863123125038,60,APPX,S000091894,2.0
2026Q1,2.003538798981854,60,APPX,S000091894,2.0
2026Q2,1.9865073097040273,60,APPX,S000091894,2.0
2026Q3,1.9853721147355794,55,APPX,S000091894,2.0
2025Q1,2.0065517961150174,50,ARMG,S000086640,2.0
2025Q2,1.9999097413955098,60,ARMG,S000086640,2.0
2025Q3,1.971503682818283,59,ARMG,S000086640,2.0
2025Q4,2.0028165357514913,64,ARMG,S000086640,2.0
2026Q1,1.9871810310933884,58,ARMG,S000086640,2.0
2026Q2,2.000810993787807,61,ARMG,S000086640,2.0
2026Q3,2.009585507337117,54,ARMG,S000086640,2.0
2025Q1,1.9879443544980602,46,ASMG,S000086641,2.0
2025Q2,1.9535724432819686,57,ASMG,S000086641,2.0
2025Q3,1.9813067018140824,59,ASMG,S000086641,2.0
2025Q4,2.007664377148357,61,ASMG,S000086641,2.0
2026Q1,2.002796232647545,60,ASMG,S000086641,2.0
2026Q2,1.9916143880726167,58,ASMG,S000086641,2.0
2026Q3,1.9958006726257267,52,ASMG,S000086641,2.0
2026Q1,1.991290494153898,32,ASMU,S000092925,2.0
2026Q2,1.9858714869020715,58,ASMU,S000092925,2.0
2026Q3,1.999773312127092,52,ASMU,S000092925,2.0
2025Q3,2.0035941214388786,54,ASTX,S000093731,2.0
2025Q4,1.986705407217879,61,ASTX,S000093731,2.0
2026Q1,1.9868931817069087,61,ASTX,S000093731,2.0
2026Q2,1.9890036678878704,62,ASTX,S000093731,2.0
2026Q3,1.9862910489231402,56,ASTX,S000093731,2.0
2026Q2,2.0028118410421776,26,ASTY,S000103136,2.0
2026Q3,1.9834555687692121,56,ASTY,S000103136,2.0
2026Q3,1.9739925205879503,56,ASTG,S000105566,2.0
2026Q1,-1.8689884452583259,36,ASTN,S000096890,-2.0
2026Q2,-2.0034429501244575,62,ASTN,S000096890,-2.0
2026Q3,-1.9937831835462372,56,ASTN,S000096890,-2.0
2025Q4,2.0288761663890837,41,AVXX,S000095543,2.0
2026Q1,1.9916243012858035,61,AVXX,S000095543,2.0
2026Q2,1.9515778325367887,57,AVXX,S000095543,2.0
2026Q3,1.9990309534321804,57,AVXX,S000095543,2.0
2024Q3,2.0166306928364923,25,AVGX,S000085139,2.0
2024Q4,1.9508213046515124,57,AVGX,S000085139,2.0
2025Q1,1.9666634128735976,56,AVGX,S000085139,2.0
2025Q2,1.9666514672204902,58,AVGX,S000085139,2.0
2025Q3,2.0137025758149765,57,AVGX,S000085139,2.0
2025Q4,2.0004445655751737,58,AVGX,S000085139,2.0
2026Q1,1.9899242759914317,54,AVGX,S000085139,2.0
2026Q2,1.9961130652070487,59,AVGX,S000085139,2.0
2026Q3,2.016663526212333,52,AVGX,S000085139,2.0
2024Q4,1.9928377848047396,50,AVL,S000088059,2.0
2025Q1,1.9526156776615153,56,AVL,S000088059,2.0
2025Q2,1.9941375368278047,58,AVL,S000088059,2.0
2025Q3,1.9966398084879564,57,AVL,S000088059,2.0
2025Q4,2.0040446014727156,58,AVL,S000088059,2.0
2026Q1,1.983130994798834,54,AVL,S000088059,2.0
2026Q2,1.9981960115908408,59,AVL,S000088059,2.0
2026Q3,1.9959204186495632,52,AVL,S000088059,2.0
2025Q3,1.9925599125333497,47,AVGU,S000088314,2.0
2025Q4,1.9894922485515367,58,AVGU,S000088314,2.0
2026Q1,1.9896361978685246,54,AVGU,S000088314,2.0
2026Q2,2.014366056800047,59,AVGU,S000088314,2.0
2026Q3,2.0085120301421324,52,AVGU,S000088314,2.0
2025Q2,2.0284609853469435,27,AVGG,S000091235,2.0
2025Q3,2.016251926891625,57,AVGG,S000091235,2.0
2025Q4,1.9979705612841232,58,AVGG,S000091235,2.0
2026Q1,1.9733500076868769,54,AVGG,S000091235,2.0
2026Q2,2.001773569979517,59,AVGG,S000091235,2.0
2026Q3,1.9958406144306147,52,AVGG,S000091235,2.0
2024Q4,-0.9662335288698912,36,AVS,S000088060,-1.0
2025Q1,-1.000586077255653,56,AVS,S000088060,-1.0
2025Q2,-0.9868551965484961,58,AVS,S000088060,-1.0
2025Q3,-1.0114450338568703,57,AVS,S000088060,-1.0
2025Q4,-1.0000990845624702,58,AVS,S000088060,-1.0
2026Q1,-1.002750893651949,54,AVS,S000088060,-1.0
2026Q2,-1.000045697494234,59,AVS,S000088060,-1.0
2026Q3,-1.0011793793005321,52,AVS,S000088060,-1.0
2026Q2,1.9938084824323392,45,AXTX,S000103182,2.0
2026Q3,1.9977501355569602,54,AXTX,S000103182,2.0
2026Q3,1.9877697552178268,54,AXTL,S000105568,2.0
2026Q3,-2.0247853571109315,22,AXTQ,S000106997,-2.0
2025Q3,1.9896048386193326,52,BOEG,S000086642,2.0
2025Q4,1.9995171607756335,55,BOEG,S000086642,2.0
2026Q1,1.9558062077451819,57,BOEG,S000086642,2.0
2026Q2,1.9913839234968882,59,BOEG,S000086642,2.0
2026Q3,1.993191456675604,52,BOEG,S000086642,2.0
2025Q2,1.989313722573312,42,BOEU,S000088061,2.0
2025Q3,1.963808079445244,52,BOEU,S000088061,2.0
2025Q4,2.0263708967748655,55,BOEU,S000088061,2.0
2026Q1,1.9664228163407915,57,BOEU,S000088061,2.0
2026Q2,1.9807928288840988,59,BOEU,S000088061,2.0
2026Q3,1.9736163185752078,52,BOEU,S000088061,2.0
2023Q1,1.751867092787879,54,BABX,S000076352,2.0
2023Q2,1.7818262998103733,56,BABX,S000076352,2.0
2023Q3,1.7341722923460798,59,BABX,S000076352,2.0
2023Q4,1.7690066834979759,56,BABX,S000076352,2.0
2024Q1,1.9558288800481587,53,BABX,S000076352,2.0
2024Q2,1.9954974758848767,58,BABX,S000076352,2.0
2024Q3,2.0079992284335395,61,BABX,S000076352,2.0
2024Q4,2.0027641933188285,63,BABX,S000076352,2.0
2025Q1,2.0183209911024105,55,BABX,S000076352,2.0
2025Q2,2.013846744956949,59,BABX,S000076352,2.0
2025Q3,1.996348725078743,59,BABX,S000076352,2.0
2025Q4,2.0004688063092213,59,BABX,S000076352,2.0
2026Q1,2.006139720134003,58,BABX,S000076352,2.0
2026Q2,2.0028920004017094,61,BABX,S000076352,2.0
2026Q3,2.004256228360576,49,BABX,S000076352,2.0
2025Q2,2.021369631471769,59,KBAB,S000089268,2.0
2025Q3,2.0032171478892193,59,KBAB,S000089268,2.0
2025Q4,2.0171136515988204,59,KBAB,S000089268,2.0
2026Q1,2.0116764203800614,58,KBAB,S000089268,2.0
2026Q2,1.986812853779006,61,KBAB,S000089268,2.0
2026Q3,1.9949441750923154,49,KBAB,S000089268,2.0
2026Q1,2.028094543028296,29,BABU,S000092939,2.0
2026Q2,2.0134399464884543,61,BABU,S000092939,2.0
2026Q3,2.004103894878705,49,BABU,S000092939,2.0
2025Q3,2.0058367231015723,27,BAIG,S000093823,2.0
2025Q4,2.0012601369366254,64,BAIG,S000093823,2.0
2026Q1,2.00514917809737,61,BAIG,S000093823,2.0
2026Q2,2.0101185716025527,61,BAIG,S000093823,2.0
2026Q3,2.0093474406294356,55,BAIG,S000093823,2.0
2025Q4,1.9956437049940468,32,BEX,S000096127,2.0
2026Q1,1.9653745316076625,61,BEX,S000096127,2.0
2026Q2,1.9871007206773976,61,BEX,S000096127,2.0
2026Q3,2.006535153889986,56,BEX,S000096127,2.0
2026Q1,-1.9730033373353386,33,BEZ,S000100831,-2.0
2026Q2,-1.9987245415842592,61,BEZ,S000100831,-2.0
2026Q3,-2.013530864988978,56,BEZ,S000100831,-2.0
2025Q4,2.011324525812165,25,KBDU,S000089269,2.0
2026Q1,2.0182331709698573,57,KBDU,S000089269,2.0
2026Q2,2.0009214423320896,57,KBDU,S000089269,2.0
2026Q3,1.9858626942838056,48,KBDU,S000089269,2.0
2025Q4,2.051789528371514,44,BLSG,S000096298,2.0
2026Q1,2.001029609100605,55,BLSG,S000096298,2.0
2026Q2,1.963834829710894,62,BLSG,S000096298,2.0
2026Q3,2.002693569565375,55,BLSG,S000096298,2.0
2025Q4,1.948902073530373,63,BMNU,S000095473,2.0
2026Q1,1.9543979346061395,59,BMNU,S000095473,2.0
2026Q2,1.9294191293668874,60,BMNU,S000095473,2.0
2026Q3,1.9547579818709147,55,BMNU,S000095473,2.0
2025Q4,1.9951260641946453,44,BMNG,S000096186,2.0
2026Q1,1.9868489573288577,59,BMNG,S000096186,2.0
2026Q2,1.987163013439699,60,BMNG,S000096186,2.0
2026Q3,1.975558899802409,55,BMNG,S000096186,2.0
2025Q1,1.9816965732075185,50,BRKU,S000088063,2.0
2025Q2,1.9527766210445816,51,BRKU,S000088063,2.0
2025Q3,1.9142082767839057,50,BRKU,S000088063,2.0
2025Q4,1.9052527720464392,55,BRKU,S000088063,2.0
2026Q1,1.9281139854997629,44,BRKU,S000088063,2.0
2026Q2,1.9234275603767215,51,BRKU,S000088063,2.0
2026Q3,1.969982835557335,45,BRKU,S000088063,2.0
2026Q2,1.9998071371138901,21,CBRX,S000105239,2.0
2026Q3,2.0097611072191497,56,CBRX,S000105239,2.0
2026Q2,-2.0198838788564664,21,CBRZ,S000105240,-2.0
2026Q3,-1.9813568157225128,56,CBRZ,S000105240,-2.0
2025Q3,2.0125839294436356,51,CEGX,S000093733,2.0
2025Q4,2.0210644508912154,61,CEGX,S000093733,2.0
2026Q1,1.9418665278012293,58,CEGX,S000093733,2.0
2026Q2,2.0115733693582674,59,CEGX,S000093733,2.0
2026Q3,1.986635266715254,52,CEGX,S000093733,2.0
2026Q3,1.9967439605720032,55,CIEX,S000105751,2.0
2025Q4,1.9867405826622655,26,CIFU,S000096441,2.0
2026Q1,1.985899325590128,60,CIFU,S000096441,2.0
2026Q2,1.9949402407071672,61,CIFU,S000096441,2.0
2026Q3,1.9846892290031353,56,CIFU,S000096441,2.0
2025Q4,2.0104317128445732,31,CSEX,S000096130,2.0
2026Q1,1.9869639258755112,58,CSEX,S000096130,2.0
2026Q2,2.0126419860027385,61,CSEX,S000096130,2.0
2026Q3,1.9960578096497699,55,CSEX,S000096130,2.0
2025Q4,2.0337661345558944,64,CLSX,S000095066,2.0
2026Q1,1.9607697960874855,59,CLSX,S000095066,2.0
2026Q2,2.0134916527198015,59,CLSX,S000095066,2.0
2026Q3,1.9810556090519722,57,CLSX,S000095066,2.0
2026Q1,2.0597792008754423,26,COHX,S000100933,2.0
2026Q2,2.013762587942157,59,COHX,S000100933,2.0
2026Q3,2.0055533559958154,56,COHX,S000100933,2.0
2026Q3,-1.9894917539024284,22,COHQ,S000106998,-2.0
2022Q3,1.4903822242887785,35,CONL,S000076356,2.0
2022Q4,1.49619616852245,60,CONL,S000076356,2.0
2023Q1,1.503233908944087,61,CONL,S000076356,2.0
2023Q2,1.4976290472415363,61,CONL,S000076356,2.0
2023Q3,1.4936189006607996,62,CONL,S000076356,2.0
2023Q4,1.4987180464216199,62,CONL,S000076356,2.0
2024Q1,1.901954754195095,60,CONL,S000076356,2.0
2024Q2,1.990945027377424,63,CONL,S000076356,2.0
2024Q3,1.989736493888546,59,CONL,S000076356,2.0
2024Q4,1.9912207054905402,63,CONL,S000076356,2.0
2025Q1,1.9802253776702337,58,CONL,S000076356,2.0
2025Q2,1.9860564130485365,59,CONL,S000076356,2.0
2025Q3,1.9855777477871879,59,CONL,S000076356,2.0
2025Q4,1.9825655998496168,61,CONL,S000076356,2.0
2026Q1,1.9845566377674322,59,CONL,S000076356,2.0
2026Q2,1.9885460181248824,60,CONL,S000076356,2.0
2026Q3,1.9873513798785019,55,CONL,S000076356,2.0
2025Q2,2.0302815210573932,59,COIG,S000086643,2.0
2025Q3,1.990334657417296,59,COIG,S000086643,2.0
2025Q4,1.9916174216164784,61,COIG,S000086643,2.0
2026Q1,1.9628952559241495,59,COIG,S000086643,2.0
2026Q2,1.9818845070025537,60,COIG,S000086643,2.0
2026Q3,1.9962640492560975,55,COIG,S000086643,2.0
2025Q4,1.9951376458099501,61,COIA,S000087811,2.0
2026Q1,2.007888029059734,59,COIA,S000087811,2.0
2026Q2,1.998447808569845,60,COIA,S000087811,2.0
2026Q3,1.9961164584902071,55,COIA,S000087811,2.0
2025Q4,1.9930930822356983,28,CONX,S000092873,2.0
2026Q1,2.0041713011056514,59,CONX,S000092873,2.0
2026Q2,2.001821572610305,60,CONX,S000092873,2.0
2026Q3,1.9830419309000986,55,CONX,S000092873,2.0
2024Q3,-0.9944945729772253,15,CONI,S000081138,-2.0
2024Q4,-1.0013302369192618,63,CONI,S000081138,-2.0
2025Q1,-1.0018162554685552,58,CONI,S000081138,-2.0
2025Q2,-1.719205478839679,59,CONI,S000081138,-2.0
2025Q3,-1.9789602320970532,59,CONI,S000081138,-2.0
2025Q4,-1.9925366753325604,61,CONI,S000081138,-2.0
2026Q1,-2.0120364192908937,59,CONI,S000081138,-2.0
2026Q2,-2.00443145251424,60,CONI,S000081138,-2.0
2026Q3,-1.9950004745893863,55,CONI,S000081138,-2.0
2025Q4,2.0747154164120127,37,COZX,S000095067,2.0
2026Q1,2.0204795644345723,61,COZX,S000095067,2.0
2026Q2,1.9883526689875874,59,COZX,S000095067,2.0
2026Q3,1.9802914927755197,53,COZX,S000095067,2.0
2025Q4,1.8533479970415088,49,COTG,S000093824,2.0
2026Q1,2.0605537253271935,54,COTG,S000093824,2.0
2026Q2,1.9948375061936428,55,COTG,S000093824,2.0
2026Q3,2.0096936250023387,49,COTG,S000093824,2.0
2025Q3,1.966402788157415,35,CRCG,S000081035,2.0
2025Q4,1.9838702076872594,58,CRCG,S000081035,2.0
2026Q1,2.0040605861194725,57,CRCG,S000081035,2.0
2026Q2,1.995518673510375,61,CRCG,S000081035,2.0
2026Q3,1.9913485398190143,54,CRCG,S000081035,2.0
2025Q3,1.9527256548535692,35,CCUP,S000087460,2.0
2025Q4,1.989566886738777,58,CCUP,S000087460,2.0
2026Q1,1.9896323009666224,57,CCUP,S000087460,2.0
2026Q2,1.9807090942631307,61,CCUP,S000087460,2.0
2026Q3,1.984702209113399,54,CCUP,S000087460,2.0
2025Q3,1.9684457630824208,37,CRCA,S000094784,2.0
2025Q4,1.9847434496835485,58,CRCA,S000094784,2.0
2026Q1,1.9827480696238582,56,CRCA,S000094784,2.0
2026Q2,1.9930523878300295,61,CRCA,S000094784,2.0
2026Q3,2.006836821899703,54,CRCA,S000094784,2.0
2025Q4,-2.0228011424418435,58,CRCD,S000095464,-2.0
2026Q1,-2.002522189193464,57,CRCD,S000095464,-2.0
2026Q2,-2.005460295281009,61,CRCD,S000095464,-2.0
2026Q3,-1.9721980267875985,54,CRCD,S000095464,-2.0
2025Q4,1.977049053909442,60,CRDU,S000095068,2.0
2026Q1,2.0046315082848962,58,CRDU,S000095068,2.0
2026Q2,1.990650703086605,60,CRDU,S000095068,2.0
2026Q3,2.0108172464677314,54,CRDU,S000095068,2.0
2025Q2,1.980355280538052,50,CRMG,S000091238,2.0
2025Q3,1.9973140322431497,56,CRMG,S000091238,2.0
2025Q4,1.974924186008244,57,CRMG,S000091238,2.0
2026Q1,1.984471833991763,58,CRMG,S000091238,2.0
2026Q2,1.986563645935202,60,CRMG,S000091238,2.0
2026Q3,1.97216842563096,54,CRMG,S000091238,2.0
2026Q1,1.9376050351214882,52,CRMX,S000100590,2.0
2026Q2,1.9772160999701887,61,CRMX,S000100590,2.0
2026Q3,1.9678636004764434,57,CRMX,S000100590,2.0
2024Q4,1.978603343042046,30,CRWL,S000088316,2.0
2025Q1,2.0030138204413857,57,CRWL,S000088316,2.0
2025Q2,1.989642250369087,61,CRWL,S000088316,2.0
2025Q3,1.9737890988683868,55,CRWL,S000088316,2.0
2025Q4,1.9862832301914504,58,CRWL,S000088316,2.0
2026Q1,2.0181636737916033,58,CRWL,S000088316,2.0
2026Q2,2.0090437923683124,60,CRWL,S000088316,2.0
2026Q3,1.9796216590364766,55,CRWL,S000088316,2.0
2025Q3,1.982409216745363,35,CRWG,S000081029,2.0
2025Q4,2.0009419434945226,62,CRWG,S000081029,2.0
2026Q1,2.001861378510824,59,CRWG,S000081029,2.0
2026Q2,1.9978851458367104,61,CRWG,S000081029,2.0
2026Q3,1.9839548838518721,55,CRWG,S000081029,2.0
2025Q3,1.9856985594339756,45,CRWU,S000087465,2.0
2025Q4,1.98780377657335,62,CRWU,S000087465,2.0
2026Q1,1.990989285004189,59,CRWU,S000087465,2.0
2026Q2,2.005674564120888,61,CRWU,S000087465,2.0
2026Q3,1.9904181188293908,55,CRWU,S000087465,2.0
2025Q3,1.972406454616383,56,CWVX,S000093735,2.0
2025Q4,1.997463684357176,62,CWVX,S000093735,2.0
2026Q1,1.9971282389291192,59,CWVX,S000093735,2.0
2026Q2,1.9980294167920678,61,CWVX,S000093735,2.0
2026Q3,1.9889311467612005,55,CWVX,S000093735,2.0
2025Q4,-2.002100243852949,62,CORD,S000095471,-2.0
2026Q1,-2.0086173043802824,59,CORD,S000095471,-2.0
2026Q2,-2.0006683017926217,61,CORD,S000095471,-2.0
2026Q3,-1.9995393065014366,55,CORD,S000095471,-2.0
2025Q3,2.0250948665994852,57,CSCL,S000090378,2.0
2025Q4,2.0103664129777177,53,CSCL,S000090378,2.0
2026Q1,2.03067436181346,55,CSCL,S000090378,2.0
2026Q2,1.9688209068006055,60,CSCL,S000090378,2.0
2026Q3,2.013848084752959,51,CSCL,S000090378,2.0
2025Q3,-1.0159953649137166,51,CSCS,S000090379,-1.0
2025Q4,-0.9943756097054048,53,CSCS,S000090379,-1.0
2026Q1,-0.9804829335628333,55,CSCS,S000090379,-1.0
2026Q2,-1.0138094623023477,60,CSCS,S000090379,-1.0
2026Q3,-1.0013614706245053,51,CSCS,S000090379,-1.0
2025Q1,2.005742552459761,30,DLLL,S000088317,2.0
2025Q2,1.9738807078499774,54,DLLL,S000088317,2.0
2025Q3,1.9886667973701246,56,DLLL,S000088317,2.0
2025Q4,1.992564267582257,59,DLLL,S000088317,2.0
2026Q1,1.9914624641084522,56,DLLL,S000088317,2.0
2026Q2,1.9893982667244816,59,DLLL,S000088317,2.0
2026Q3,2.007323664597251,55,DLLL,S000088317,2.0
2025Q1,2.0035732408543043,19,DJTU,S000087468,2.0
2025Q2,2.0218915826483546,60,DJTU,S000087468,2.0
2025Q3,2.0240131896157,58,DJTU,S000087468,2.0
2025Q4,1.9937378136439137,59,DJTU,S000087468,2.0
2026Q1,2.0149944279501693,58,DJTU,S000087468,2.0
2026Q2,1.9807742366416654,57,DJTU,S000087468,2.0
2026Q3,2.0213125431974253,56,DJTU,S000087468,2.0
2026Q3,1.9560312072816062,27,DKNX,S000089800,2.0
2026Q1,1.9648518245046183,51,EOSU,S000097418,2.0
2026Q2,1.9875408525224687,61,EOSU,S000097418,2.0
2026Q3,1.98728719971909,56,EOSU,S000097418,2.0
2025Q4,1.9903722472228995,50,FIGG,S000084597,2.0
2026Q1,1.9966344078148033,58,FIGG,S000084597,2.0
2026Q2,2.001376136035747,60,FIGG,S000084597,2.0
2026Q3,1.992674863051234,56,FIGG,S000084597,2.0
2026Q1,2.026938487767571,27,FGRU,S000097514,2.0
2026Q2,1.979906614385211,60,FGRU,S000097514,2.0
2026Q3,1.9610223764921417,54,FGRU,S000097514,2.0
2025Q4,1.9926056071591267,47,FLYT,S000096133,2.0
2026Q1,1.9748379040775375,60,FLYT,S000096133,2.0
2026Q2,2.007501239160536,59,FLYT,S000096133,2.0
2026Q3,1.982576860274897,54,FLYT,S000096133,2.0
2026Q3,2.0145988289414714,56,FNG,S000105569,2.0
2025Q4,1.9872422979722726,51,FUTG,S000093825,2.0
2026Q1,2.009029838846268,58,FUTG,S000093825,2.0
2026Q2,2.060478683038527,56,FUTG,S000093825,2.0
2026Q3,2.0143604265303248,54,FUTG,S000093825,2.0
2025Q3,1.9980783808943596,55,GEVX,S000093737,2.0
2025Q4,2.001425423961433,58,GEVX,S000093737,2.0
2026Q1,1.984497974994611,57,GEVX,S000093737,2.0
2026Q2,1.9920510538905767,54,GEVX,S000093737,2.0
2026Q3,2.013330959873366,50,GEVX,S000093737,2.0
2026Q3,1.982167776822258,52,GFSG,S000105570,2.0
2025Q3,2.0008500222987142,27,GLGG,S000081031,2.0
2025Q4,2.011908587400388,63,GLGG,S000081031,2.0
2026Q1,1.9922161259042266,58,GLGG,S000081031,2.0
2026Q2,1.9827676281086466,62,GLGG,S000081031,2.0
2026Q3,1.99357006325181,54,GLGG,S000081031,2.0
2025Q3,1.981054524120186,36,GLXU,S000093876,2.0
2025Q4,2.006032921017154,63,GLXU,S000093876,2.0
2026Q1,2.0243806054862596,58,GLXU,S000093876,2.0
2026Q2,1.9711628757812332,62,GLXU,S000093876,2.0
2026Q3,1.9938312296019887,54,GLXU,S000093876,2.0
2025Q2,1.9674731340225597,41,GMEU,S000087469,2.0
2025Q3,1.9490866070705062,61,GMEU,S000087469,2.0
2025Q4,1.934892866853891,58,GMEU,S000087469,2.0
2026Q1,2.008661620874229,55,GMEU,S000087469,2.0
2026Q2,1.9725427120731893,56,GMEU,S000087469,2.0
2026Q3,2.0136672790502015,51,GMEU,S000087469,2.0
2022Q3,1.476416470152006,15,GGLL,S000076239,2.0
2022Q4,1.4782671630521387,61,GGLL,S000076239,2.0
2023Q1,1.5020084743282465,57,GGLL,S000076239,2.0
2023Q2,1.4944298163097136,53,GGLL,S000076239,2.0
2023Q3,1.5143900204856153,52,GGLL,S000076239,2.0
2023Q4,1.5118340791289613,57,GGLL,S000076239,2.0
2024Q1,1.500340113900679,56,GGLL,S000076239,2.0
2024Q2,1.9679260828981193,62,GGLL,S000076239,2.0
2024Q3,2.0002365664791277,59,GGLL,S000076239,2.0
2024Q4,2.005371275497463,55,GGLL,S000076239,2.0
2025Q1,1.9876109292501252,55,GGLL,S000076239,2.0
2025Q2,1.9837226263720062,58,GGLL,S000076239,2.0
2025Q3,1.9967723327701974,58,GGLL,S000076239,2.0
2025Q4,2.007331509738963,55,GGLL,S000076239,2.0
2026Q1,1.996318779204803,54,GGLL,S000076239,2.0
2026Q2,2.0026476512471496,56,GGLL,S000076239,2.0
2026Q3,2.0087560330840377,51,GGLL,S000076239,2.0
2025Q4,2.0786787692683073,16,GOU,S000076353,2.0
2026Q1,2.0227148652175546,54,GOU,S000076353,2.0
2026Q2,1.9743933410010923,56,GOU,S000076353,2.0
2026Q3,1.991880191022059,51,GOU,S000076353,2.0
2024Q1,1.945291803516478,49,GOOX,S000083675,2.0
2024Q2,1.9510280475237007,62,GOOX,S000083675,2.0
2024Q3,1.9717061543870182,59,GOOX,S000083675,2.0
2024Q4,1.9702275136408707,55,GOOX,S000083675,2.0
2025Q1,1.9849938606387907,55,GOOX,S000083675,2.0
2025Q2,2.009082907010972,58,GOOX,S000083675,2.0
2025Q3,1.9877419632054052,58,GOOX,S000083675,2.0
2025Q4,1.9750379257274784,55,GOOX,S000083675,2.0
2026Q1,1.9641670763318502,54,GOOX,S000083675,2.0
2026Q2,1.9708082880372249,56,GOOX,S000083675,2.0
2026Q3,1.9480500904189075,51,GOOX,S000083675,2.0
2026Q3,1.9206637159770519,48,GOOL,S000105571,2.0
2022Q4,-0.9854183242723977,61,GGLS,S000076247,-1.0
2023Q1,-0.9972639266783564,57,GGLS,S000076247,-1.0
2023Q2,-1.0044626613443237,53,GGLS,S000076247,-1.0
2023Q3,-0.9950917818260355,52,GGLS,S000076247,-1.0
2023Q4,-1.019649036165548,57,GGLS,S000076247,-1.0
2024Q1,-1.0006261569705248,56,GGLS,S000076247,-1.0
2024Q2,-1.0078746584783875,62,GGLS,S000076247,-1.0
2024Q3,-1.0027160631859604,59,GGLS,S000076247,-1.0
2024Q4,-1.001364576674241,55,GGLS,S000076247,-1.0
2025Q1,-0.9966005798031039,55,GGLS,S000076247,-1.0
2025Q2,-0.9984394760608987,58,GGLS,S000076247,-1.0
2025Q3,-0.9781832523099098,58,GGLS,S000076247,-1.0
2025Q4,-0.9973798166683095,55,GGLS,S000076247,-1.0
2026Q1,-1.0111086174761375,54,GGLS,S000076247,-1.0
2026Q2,-1.0098415185666472,56,GGLS,S000076247,-1.0
2026Q3,-0.9995997412388168,51,GGLS,S000076247,-1.0
2025Q2,1.993546876709966,60,HIMZ,S000091052,2.0
2025Q3,1.990618923678913,62,HIMZ,S000091052,2.0
2025Q4,1.9947961273317798,62,HIMZ,S000091052,2.0
2026Q1,2.0048777898875167,57,HIMZ,S000091052,2.0
2026Q2,2.000174218130808,60,HIMZ,S000091052,2.0
2026Q3,1.9926200216795014,55,HIMZ,S000091052,2.0
2025Q1,2.0166662708432694,38,ROBN,S000087470,2.0
2025Q2,2.018883693760894,60,ROBN,S000087470,2.0
2025Q3,1.985921643467416,59,ROBN,S000087470,2.0
2025Q4,2.016879867555967,62,ROBN,S000087470,2.0
2026Q1,2.0109629918726584,58,ROBN,S000087470,2.0
2026Q2,2.009000681295712,60,ROBN,S000087470,2.0
2026Q3,1.9899202442142947,55,ROBN,S000087470,2.0
2025Q2,1.9949720109577156,60,HOOX,S000091053,2.0
2025Q3,1.9804629630746295,59,HOOX,S000091053,2.0
2025Q4,2.0065423095591286,62,HOOX,S000091053,2.0
2026Q1,2.0034420388498577,58,HOOX,S000091053,2.0
2026Q2,2.0118214684852576,60,HOOX,S000091053,2.0
2026Q3,2.001339460383353,55,HOOX,S000091053,2.0
2025Q2,2.028314972413918,60,HOOG,S000091219,2.0
2025Q3,1.9895614650870164,59,HOOG,S000091219,2.0
2025Q4,2.0019257831097867,62,HOOG,S000091219,2.0
2026Q1,1.9944552872838242,58,HOOG,S000091219,2.0
2026Q2,2.0042569608135454,60,HOOG,S000091219,2.0
2026Q3,2.007242121768356,55,HOOG,S000091219,2.0
2025Q4,2.0144619894587166,26,HODU,S000092884,2.0
2026Q1,2.002864618456643,58,HODU,S000092884,2.0
2026Q2,2.0087735467451,60,HODU,S000092884,2.0
2026Q3,1.9934532968204772,55,HODU,S000092884,2.0
2026Q3,1.9917154508297101,55,HPEL,S000105553,2.0
2026Q2,2.0457892993970335,58,IBX,S000095053,2.0
2026Q3,2.0157278306133586,52,IBX,S000095053,2.0
2026Q2,2.003849574792225,16,INFH,S000105076,2.0
2026Q3,1.894487816612217,55,INFH,S000105076,2.0
2025Q1,1.9922827846403317,28,INTW,S000088287,2.0
2025Q2,1.970439109843613,60,INTW,S000088287,2.0
2025Q3,2.0012254942229806,59,INTW,S000088287,2.0
2025Q4,1.9880120154853007,59,INTW,S000088287,2.0
2026Q1,1.9859666181983366,57,INTW,S000088287,2.0
2026Q2,2.0024450901679467,61,INTW,S000088287,2.0
2026Q3,2.0057576899490623,51,INTW,S000088287,2.0
2025Q4,1.9894889613255118,25,LINT,S000092886,2.0
2026Q1,1.9880190940803648,57,LINT,S000092886,2.0
2026Q2,2.026803233552428,61,LINT,S000092886,2.0
2026Q3,1.9997312624061427,51,LINT,S000092886,2.0
2025Q2,1.9996084820824065,60,IONL,S000090911,2.0
2025Q3,1.9815205366079027,61,IONL,S000090911,2.0
2025Q4,1.9870410523739188,62,IONL,S000090911,2.0
2026Q1,1.9652493315388924,58,IONL,S000090911,2.0
2026Q2,1.9991971412238392,60,IONL,S000090911,2.0
2026Q3,1.9808508437307228,57,IONL,S000090911,2.0
2025Q2,2.0068283338381945,60,IONX,S000091054,2.0
2025Q3,1.9850808149463544,61,IONX,S000091054,2.0
2025Q4,1.9714701700512407,62,IONX,S000091054,2.0
2026Q1,1.9737484618726702,58,IONX,S000091054,2.0
2026Q2,1.991859679839113,60,IONX,S000091054,2.0
2026Q3,1.9963929258849336,57,IONX,S000091054,2.0
2025Q3,-1.9817643506396712,61,IONZ,S000092366,-2.0
2025Q4,-1.9874555140609116,62,IONZ,S000092366,-2.0
2026Q1,-1.995066201390183,58,IONZ,S000092366,-2.0
2026Q2,-1.9856292989352822,60,IONZ,S000092366,-2.0
2026Q3,-1.982781766133993,57,IONZ,S000092366,-2.0
2025Q4,1.9991718298938488,47,IRE,S000095914,2.0
2026Q1,1.9823063335971043,61,IRE,S000095914,2.0
2026Q2,1.9972122702747432,62,IRE,S000095914,2.0
2026Q3,1.9825063123466384,56,IRE,S000095914,2.0
2025Q4,1.9728672403296597,45,IREX,S000096134,2.0
2026Q1,1.9885154034605754,61,IREX,S000096134,2.0
2026Q2,1.9934560170363849,62,IREX,S000096134,2.0
2026Q3,1.9998812698208353,56,IREX,S000096134,2.0
2026Q1,-2.0121956615648,47,IREZ,S000100813,-2.0
2026Q2,-2.0033978023400048,62,IREZ,S000100813,-2.0
2026Q3,-1.9999133489133534,56,IREZ,S000100813,-2.0
2026Q3,1.986512418218578,52,JBLG,S000105554,2.0
2025Q4,2.0386173456467844,47,KJD,S000089270,2.0
2026Q1,2.010847309952022,56,KJD,S000089270,2.0
2026Q2,1.9851113325864946,57,KJD,S000089270,2.0
2026Q3,1.9872828446883755,50,KJD,S000089270,2.0
2025Q3,1.942488889598766,15,JOBX,S000095054,2.0
2025Q4,1.9901019486469922,62,JOBX,S000095054,2.0
2026Q1,1.9793546701562823,59,JOBX,S000095054,2.0
2026Q2,1.9557751015333666,58,JOBX,S000095054,2.0
2026Q3,1.9473883519198785,55,JOBX,S000095054,2.0
2026Q1,2.0298911501867374,59,KEEX,S000099441,2.0
2026Q2,2.0367845692821294,57,KEEX,S000099441,2.0
2026Q3,1.9880866291721566,57,KEEX,S000099441,2.0
2026Q3,1.9664873614300653,53,KEYG,S000105555,2.0
2025Q4,2.0009241439720826,59,KTUP,S000093878,2.0
2026Q1,2.042482347199581,60,KTUP,S000093878,2.0
2026Q2,2.0122828299376954,59,KTUP,S000093878,2.0
2026Q3,1.9868439214224833,51,KTUP,S000093878,2.0
2026Q1,2.0756464568435815,26,LEUX,S000100917,2.0
2026Q2,1.9692846654760034,57,LEUX,S000100917,2.0
2026Q3,2.0238579087952524,55,LEUX,S000100917,2.0
2026Q1,1.9785409914519112,43,LITX,S000100918,2.0
2026Q2,2.000591424428429,61,LITX,S000100918,2.0
2026Q3,1.9911091521614361,56,LITX,S000100918,2.0
2026Q2,1.9974213336365951,26,LITU,S000101635,2.0
2026Q3,2.001529179167441,56,LITU,S000101635,2.0
2026Q2,-1.9926509618969235,46,LITZ,S000103008,-2.0
2026Q3,-1.9940585389774619,56,LITZ,S000103008,-2.0
2024Q3,2.0185829429354336,30,LLYX,S000085136,2.0
2024Q4,2.026647893037086,52,LLYX,S000085136,2.0
2025Q1,2.0126590083095497,55,LLYX,S000085136,2.0
2025Q2,1.9918535296131334,60,LLYX,S000085136,2.0
2025Q3,1.961043227003711,61,LLYX,S000085136,2.0
2025Q4,2.0071579889182436,59,LLYX,S000085136,2.0
2026Q1,1.9793953022565938,57,LLYX,S000085136,2.0
2026Q2,1.9415726973769154,57,LLYX,S000085136,2.0
2026Q3,1.9816331456239626,47,LLYX,S000085136,2.0
2025Q2,2.001659562282606,60,ELIL,S000088065,2.0
2025Q3,1.9697051719003438,61,ELIL,S000088065,2.0
2025Q4,2.0006175984967824,59,ELIL,S000088065,2.0
2026Q1,1.9906862157868184,57,ELIL,S000088065,2.0
2026Q2,1.9661486180556766,57,ELIL,S000088065,2.0
2026Q3,1.9443617071340062,47,ELIL,S000088065,2.0
2026Q3,2.0264710284344125,28,LMNX,S000095546,2.0
2025Q3,1.9413335481107308,29,LMTL,S000090380,2.0
2025Q4,1.962830612745049,58,LMTL,S000090380,2.0
2026Q1,2.0120184765462423,58,LMTL,S000090380,2.0
2026Q2,1.9644084920098903,56,LMTL,S000090380,2.0
2026Q3,1.978918935478352,51,LMTL,S000090380,2.0
2025Q3,2.020848762998779,26,LRCU,S000093739,2.0
2025Q4,2.0454772524044524,63,LRCU,S000093739,2.0
2026Q1,2.040210041828143,59,LRCU,S000093739,2.0
2026Q2,2.01319064189731,61,LRCU,S000093739,2.0
2026Q3,2.018582708611939,53,LRCU,S000093739,2.0
2026Q3,2.0065516338562155,23,LWLX,S000106990,2.0
2025Q1,1.9739254102619992,16,MRAL,S000090912,2.0
2025Q2,1.986851246759873,62,MRAL,S000090912,2.0
2025Q3,1.9992651364376381,59,MRAL,S000090912,2.0
2025Q4,1.9753545439030553,59,MRAL,S000090912,2.0
2026Q1,1.9645942703345287,58,MRAL,S000090912,2.0
2026Q2,1.9724179168794813,61,MRAL,S000090912,2.0
2026Q3,1.961614802140249,55,MRAL,S000090912,2.0
2026Q2,1.9571597909577556,21,MCHU,S000096117,2.0
2026Q3,1.9650728297480817,56,MCHU,S000096117,2.0
2026Q3,1.979015691127806,56,MCHG,S000105556,2.0
2025Q3,1.9952523338901487,54,KMLI,S000091101,2.0
2025Q4,1.9388038758099504,57,KMLI,S000091101,2.0
2026Q1,2.0355137871885347,57,KMLI,S000091101,2.0
2026Q2,1.9796638218760907,60,KMLI,S000091101,2.0
2026Q3,2.0195399483030676,50,KMLI,S000091101,2.0
2023Q1,1.4950221609969938,56,FBL,S000076340,2.0
2023Q2,1.4541351337295614,51,FBL,S000076340,2.0
2023Q3,1.4998929572085447,60,FBL,S000076340,2.0
2023Q4,1.5320090105928106,59,FBL,S000076340,2.0
2024Q1,1.9839666201374393,58,FBL,S000076340,2.0
2024Q2,2.0196720403463027,56,FBL,S000076340,2.0
2024Q3,2.0056256896411955,53,FBL,S000076340,2.0
2024Q4,2.003243338188043,57,FBL,S000076340,2.0
2025Q1,1.9943488221321446,58,FBL,S000076340,2.0
2025Q2,1.9803702317766805,57,FBL,S000076340,2.0
2025Q3,1.9988273845745133,57,FBL,S000076340,2.0
2025Q4,2.007233883393412,56,FBL,S000076340,2.0
2026Q1,1.990227192258037,56,FBL,S000076340,2.0
2026Q2,2.010803025627046,59,FBL,S000076340,2.0
2026Q3,2.006990420555931,52,FBL,S000076340,2.0
2024Q3,1.991732916120361,53,METU,S000085276,2.0
2024Q4,2.0252671939591886,57,METU,S000085276,2.0
2025Q1,1.9917545509773427,58,METU,S000085276,2.0
2025Q2,2.0010806452153855,57,METU,S000085276,2.0
2025Q3,1.9715683051019681,57,METU,S000085276,2.0
2025Q4,2.0029061351481414,56,METU,S000085276,2.0
2026Q1,2.003625315916564,56,METU,S000085276,2.0
2026Q2,2.000366415296321,59,METU,S000085276,2.0
2026Q3,1.99967282775657,52,METU,S000085276,2.0
2024Q3,-0.9957511243096976,53,METD,S000076230,-1.0
2024Q4,-1.0111048727896843,57,METD,S000076230,-1.0
2025Q1,-0.9909372493433035,58,METD,S000076230,-1.0
2025Q2,-1.0073455405345808,57,METD,S000076230,-1.0
2025Q3,-1.008555071745033,57,METD,S000076230,-1.0
2025Q4,-1.0104492421289575,56,METD,S000076230,-1.0
2026Q1,-1.0065226006819246,56,METD,S000076230,-1.0
2026Q2,-1.0167085787499701,59,METD,S000076230,-1.0
2026Q3,-1.0035108372354207,52,METD,S000076230,-1.0
2026Q3,-1.9555548317790574,22,METQ,S000107001,-2.0
2025Q4,1.9992818638775995,42,MPG,S000096190,2.0
2026Q1,1.9746712147363115,58,MPG,S000096190,2.0
2026Q2,2.0019093724975203,60,MPG,S000096190,2.0
2026Q3,2.0179583038999103,56,MPG,S000096190,2.0
2026Q3,2.0030400432576863,27,MRAX,S000106991,2.0
2026Q1,2.0153668719136864,33,MRNX,S000096291,2.0
2026Q2,1.9395680192764875,61,MRNX,S000096291,2.0
2026Q3,2.006964030541768,55,MRNX,S000096291,2.0
2025Q2,2.0016203178294045,61,MVLL,S000090913,2.0
2025Q3,1.9948824437088517,57,MVLL,S000090913,2.0
2025Q4,1.994828139900909,61,MVLL,S000090913,2.0
2026Q1,1.9723793212044052,57,MVLL,S000090913,2.0
2026Q2,2.0021134737168382,59,MVLL,S000090913,2.0
2026Q3,2.0074842888680693,56,MVLL,S000090913,2.0
2026Q3,1.9412658202478046,47,MRVX,S000091056,2.0
2026Q1,2.0118095682832386,30,MRVU,S000094247,2.0
2026Q2,2.0089516020186666,59,MRVU,S000094247,2.0
2026Q3,2.000383753577701,56,MRVU,S000094247,2.0
2022Q4,1.4684522782478808,52,MSFU,S000076235,2.0
2023Q1,1.484640415757494,58,MSFU,S000076235,2.0
2023Q2,1.4681281000920212,54,MSFU,S000076235,2.0
2023Q3,1.5004431001334677,54,MSFU,S000076235,2.0
2023Q4,1.4915092911149916,54,MSFU,S000076235,2.0
2024Q1,1.4922171069357637,48,MSFU,S000076235,2.0
2024Q2,1.988162600494426,55,MSFU,S000076235,2.0
2024Q3,1.9926305835078373,56,MSFU,S000076235,2.0
2024Q4,1.9955430554882712,50,MSFU,S000076235,2.0
2025Q1,1.9828964024273203,52,MSFU,S000076235,2.0
2025Q2,1.9886147134871366,54,MSFU,S000076235,2.0
2025Q3,1.9422770278390864,50,MSFU,S000076235,2.0
2025Q4,2.0178704661481044,52,MSFU,S000076235,2.0
2026Q1,2.001821017043256,55,MSFU,S000076235,2.0
2026Q2,1.979066744321429,54,MSFU,S000076235,2.0
2026Q3,1.961783047228767,53,MSFU,S000076235,2.0
2024Q2,1.97687096383343,55,MSFL,S000076341,2.0
2024Q3,1.977816339720265,56,MSFL,S000076341,2.0
2024Q4,2.0067593138690127,50,MSFL,S000076341,2.0
2025Q1,1.9901738490404353,52,MSFL,S000076341,2.0
2025Q2,1.994252903624865,54,MSFL,S000076341,2.0
2025Q3,1.970310200857062,50,MSFL,S000076341,2.0
2025Q4,2.00478524515235,52,MSFL,S000076341,2.0
2026Q1,1.9958511762198543,55,MSFL,S000076341,2.0
2026Q2,1.9827802739917495,54,MSFL,S000076341,2.0
2026Q3,1.9663406584230805,53,MSFL,S000076341,2.0
2024Q1,1.9771032274184992,42,MSFX,S000083677,2.0
2024Q2,1.9774979761559484,55,MSFX,S000083677,2.0
2024Q3,1.9832399551269546,56,MSFX,S000083677,2.0
2024Q4,2.052123486737684,50,MSFX,S000083677,2.0
2025Q1,2.0247087106340254,52,MSFX,S000083677,2.0
2025Q2,1.9926993725701603,54,MSFX,S000083677,2.0
2025Q3,2.0301990683549516,50,MSFX,S000083677,2.0
2025Q4,2.005870628511551,52,MSFX,S000083677,2.0
2026Q1,2.005078643485327,55,MSFX,S000083677,2.0
2026Q2,1.977766297057907,54,MSFX,S000083677,2.0
2026Q3,1.9344632224080396,53,MSFX,S000083677,2.0
2022Q4,-0.9900341686252871,52,MSFD,S000076245,-1.0
2023Q1,-0.9960204070802682,58,MSFD,S000076245,-1.0
2023Q2,-0.9822909975231005,54,MSFD,S000076245,-1.0
2023Q3,-1.006488031052472,54,MSFD,S000076245,-1.0
2023Q4,-0.9851643025060349,54,MSFD,S000076245,-1.0
2024Q1,-0.9939417140835769,48,MSFD,S000076245,-1.0
2024Q2,-1.0153953240895597,55,MSFD,S000076245,-1.0
2024Q3,-0.9850202128488155,56,MSFD,S000076245,-1.0
2024Q4,-1.0219079230644392,50,MSFD,S000076245,-1.0
2025Q1,-0.9903910974937832,52,MSFD,S000076245,-1.0
2025Q2,-1.0088361296584267,54,MSFD,S000076245,-1.0
2025Q3,-0.9925869984876914,50,MSFD,S000076245,-1.0
2025Q4,-1.018988330202513,52,MSFD,S000076245,-1.0
2026Q1,-1.015550043232947,55,MSFD,S000076245,-1.0
2026Q2,-0.9919803033146866,54,MSFD,S000076245,-1.0
2026Q3,-0.9984005537936196,53,MSFD,S000076245,-1.0
2024Q3,1.7272890604569757,29,MSTX,S000085137,2.0
2024Q4,1.9368235945041934,61,MSTX,S000085137,2.0
2025Q1,1.9772175057541215,59,MSTX,S000085137,2.0
2025Q2,1.9812575537134647,58,MSTX,S000085137,2.0
2025Q3,1.9987120267946807,61,MSTX,S000085137,2.0
2025Q4,1.9846247811839945,61,MSTX,S000085137,2.0
2026Q1,1.9893698637729533,60,MSTX,S000085137,2.0
2026Q2,2.002178387581875,59,MSTX,S000085137,2.0
2026Q3,1.9700795960649835,54,MSTX,S000085137,2.0
2024Q4,1.9585331158666044,61,MSTU,S000087772,2.0
2025Q1,1.9653321640495818,59,MSTU,S000087772,2.0
2025Q2,1.9615322746760775,58,MSTU,S000087772,2.0
2025Q3,1.9584086501638853,61,MSTU,S000087772,2.0
2025Q4,1.9554266074006068,61,MSTU,S000087772,2.0
2026Q1,1.9766151032645136,60,MSTU,S000087772,2.0
2026Q2,1.9819699303954086,59,MSTU,S000087772,2.0
2026Q3,1.9793331586713336,54,MSTU,S000087772,2.0
2025Q3,1.9862780454408557,61,MSTP,S000090805,2.0
2025Q4,1.9605382322508713,61,MSTP,S000090805,2.0
2026Q1,2.0152860845599596,60,MSTP,S000090805,2.0
2026Q2,1.994538693264692,59,MSTP,S000090805,2.0
2026Q3,1.9718768659801744,54,MSTP,S000090805,2.0
2024Q3,-1.5043170563438775,25,SMST,S000085368,-2.0
2024Q4,-1.8665163811083136,59,SMST,S000085368,-2.0
2025Q1,-1.9922553027646301,59,SMST,S000085368,-2.0
2025Q2,-1.9665989505047943,58,SMST,S000085368,-2.0
2025Q3,-1.9875049365969144,61,SMST,S000085368,-2.0
2025Q4,-2.0002278442863624,61,SMST,S000085368,-2.0
2026Q1,-2.0117805589156585,60,SMST,S000085368,-2.0
2026Q2,-2.008147420269621,59,SMST,S000085368,-2.0
2026Q3,-1.988483613006461,54,SMST,S000085368,-2.0
2024Q4,-1.966568790811894,60,MSTZ,S000087771,-2.0
2025Q1,-1.9901419912296219,59,MSTZ,S000087771,-2.0
2025Q2,-1.951369992559512,58,MSTZ,S000087771,-2.0
2025Q3,-2.010051421486278,61,MSTZ,S000087771,-2.0
2025Q4,-1.9900492915164212,61,MSTZ,S000087771,-2.0
2026Q1,-1.9954078173388394,60,MSTZ,S000087771,-2.0
2026Q2,-2.002351395499428,59,MSTZ,S000087771,-2.0
2026Q3,-1.968629689053318,54,MSTZ,S000087771,-2.0
2026Q3,2.009252784768167,52,MTSG,S000105557,2.0
2024Q4,1.9680408929868816,54,MUU,S000088050,2.0
2025Q1,2.010085770670411,58,MUU,S000088050,2.0
2025Q2,1.9930272542995273,56,MUU,S000088050,2.0
2025Q3,2.0033543124735638,61,MUU,S000088050,2.0
2025Q4,1.9970145533203842,60,MUU,S000088050,2.0
2026Q1,1.989395957259466,58,MUU,S000088050,2.0
2026Q2,1.9919388622389922,61,MUU,S000088050,2.0
2026Q3,1.9898406180192163,55,MUU,S000088050,2.0
2024Q4,2.0068941663501745,32,MULL,S000088289,2.0
2025Q1,1.9982223388656615,58,MULL,S000088289,2.0
2025Q2,1.9938471910555244,56,MULL,S000088289,2.0
2025Q3,1.99973362852067,61,MULL,S000088289,2.0
2025Q4,2.004280740787209,60,MULL,S000088289,2.0
2026Q1,1.9935052434896603,58,MULL,S000088289,2.0
2026Q2,2.0162008423104383,61,MULL,S000088289,2.0
2026Q3,1.9953635272536592,55,MULL,S000088289,2.0
2024Q4,-0.9861169265625818,45,MUD,S000088051,-1.0
2025Q1,-1.0040467057251414,58,MUD,S000088051,-1.0
2025Q2,-1.0101683821466356,56,MUD,S000088051,-1.0
2025Q3,-1.0063133908741801,61,MUD,S000088051,-1.0
2025Q4,-0.9933644739182994,60,MUD,S000088051,-1.0
2026Q1,-0.9938418366040762,57,MUD,S000088051,-1.0
2026Q2,-1.0056035565057966,61,MUD,S000088051,-1.0
2026Q3,-0.9940688169481144,55,MUD,S000088051,-1.0
2026Q3,-1.9885468910808932,55,MUZ,S000096882,-2.0
2025Q4,2.002358668327172,63,NEBX,S000095056,2.0
2026Q1,1.994419028093123,59,NEBX,S000095056,2.0
2026Q2,2.0070457658191527,61,NEBX,S000095056,2.0
2026Q3,1.9919791952328327,55,NEBX,S000095056,2.0
2025Q4,2.0107599862202816,44,NBIG,S000096191,2.0
2026Q1,2.0076843085352216,59,NBIG,S000096191,2.0
2026Q2,1.9999931365409012,61,NBIG,S000096191,2.0
2026Q3,1.9958686071866347,55,NBIG,S000096191,2.0
2026Q1,-1.9880278499748405,45,NBIZ,S000100816,-2.0
2026Q2,-2.0166559257027834,61,NBIZ,S000100816,-2.0
2026Q3,-2.000101900537388,55,NBIZ,S000100816,-2.0
2024Q4,1.9888937663978268,58,NFLU,S000087472,2.0
2025Q1,1.987450746642505,55,NFLU,S000087472,2.0
2025Q2,1.9458990889760501,57,NFLU,S000087472,2.0
2025Q3,2.0291579221090954,54,NFLU,S000087472,2.0
2025Q4,2.0035516601987093,57,NFLU,S000087472,2.0
2026Q1,2.00709686570163,52,NFLU,S000087472,2.0
2026Q2,1.9709383592996745,51,NFLU,S000087472,2.0
2026Q3,2.032872566009774,52,NFLU,S000087472,2.0
2024Q4,2.016804780947956,55,NFXL,S000088052,2.0
2025Q1,1.9750476495218001,55,NFXL,S000088052,2.0
2025Q2,1.978391610439769,57,NFXL,S000088052,2.0
2025Q3,2.006652846522379,54,NFXL,S000088052,2.0
2025Q4,2.012171183220619,57,NFXL,S000088052,2.0
2026Q1,2.0008289978315155,52,NFXL,S000088052,2.0
2026Q2,1.9724821213209789,51,NFXL,S000088052,2.0
2026Q3,2.0130052400786886,52,NFXL,S000088052,2.0
2024Q4,-0.9837341133536435,55,NFXS,S000088053,-1.0
2025Q1,-1.0076395391187714,55,NFXS,S000088053,-1.0
2025Q2,-0.972363491144774,57,NFXS,S000088053,-1.0
2025Q3,-0.9646631369325811,54,NFXS,S000088053,-1.0
2025Q4,-1.0106409493489783,57,NFXS,S000088053,-1.0
2026Q1,-1.0017408745341652,52,NFXS,S000088053,-1.0
2026Q2,-1.0050737731686805,51,NFXS,S000088053,-1.0
2026Q3,-1.0007504850537527,52,NFXS,S000088053,-1.0
2026Q1,1.913414064886362,48,LNOK,S000100086,2.0
2026Q2,2.0591458414174504,58,LNOK,S000100086,2.0
2026Q3,2.0424697263722784,54,LNOK,S000100086,2.0
2025Q3,1.9478242427217385,53,NOWL,S000090914,2.0
2025Q4,1.992713077673818,57,NOWL,S000090914,2.0
2026Q1,2.0119771050874267,59,NOWL,S000090914,2.0
2026Q2,1.9990193077015141,60,NOWL,S000090914,2.0
2026Q3,1.9832420371204622,53,NOWL,S000090914,2.0
2023Q1,1.4302447256796376,59,NVDL,S000076344,2.0
2023Q2,1.4853761101391454,58,NVDL,S000076344,2.0
2023Q3,1.50114803203497,57,NVDL,S000076344,2.0
2023Q4,1.5012467374005545,61,NVDL,S000076344,2.0
2024Q1,1.9251960443973033,56,NVDL,S000076344,2.0
2024Q2,1.999668553355704,59,NVDL,S000076344,2.0
2024Q3,1.9996646139941494,62,NVDL,S000076344,2.0
2024Q4,1.9967449331801939,60,NVDL,S000076344,2.0
2025Q1,1.9847467966929397,56,NVDL,S000076344,2.0
2025Q2,1.9586964892070944,58,NVDL,S000076344,2.0
2025Q3,1.9939566236158284,58,NVDL,S000076344,2.0
2025Q4,1.988236730905928,61,NVDL,S000076344,2.0
2026Q1,1.99363974658809,57,NVDL,S000076344,2.0
2026Q2,1.987331981120961,58,NVDL,S000076344,2.0
2026Q3,1.972896182182661,52,NVDL,S000076344,2.0
2023Q4,2.0088135742853113,47,NVDX,S000080899,2.0
2024Q1,1.9564728192631464,56,NVDX,S000080899,2.0
2024Q2,2.025729100175479,59,NVDX,S000080899,2.0
2024Q3,2.011564426334027,62,NVDX,S000080899,2.0
2024Q4,1.998199500301617,60,NVDX,S000080899,2.0
2025Q1,1.986784381436677,56,NVDX,S000080899,2.0
2025Q2,1.9677250979730196,58,NVDX,S000080899,2.0
2025Q3,2.0098514015517353,58,NVDX,S000080899,2.0
2025Q4,2.000017903961569,61,NVDX,S000080899,2.0
2026Q1,1.9958416919559099,57,NVDX,S000080899,2.0
2026Q2,1.9952013810149496,58,NVDX,S000080899,2.0
2026Q3,1.9692408578734932,52,NVDX,S000080899,2.0
2023Q4,1.50869758435307,61,NVDU,S000081684,2.0
2024Q1,1.4945766737930917,56,NVDU,S000081684,2.0
2024Q2,2.0049986933777344,59,NVDU,S000081684,2.0
2024Q3,1.991102054345607,62,NVDU,S000081684,2.0
2024Q4,2.0090432938956435,60,NVDU,S000081684,2.0
2025Q1,1.9791240761478346,56,NVDU,S000081684,2.0
2025Q2,1.971520429007793,58,NVDU,S000081684,2.0
2025Q3,1.9972879878792034,58,NVDU,S000081684,2.0
2025Q4,1.99399527366658,61,NVDU,S000081684,2.0
2026Q1,1.96583977042198,57,NVDU,S000081684,2.0
2026Q2,1.9837144539025284,58,NVDU,S000081684,2.0
2026Q3,1.9788745159372538,52,NVDU,S000081684,2.0
2025Q1,1.9877327355309147,56,NVDG,S000086646,2.0
2025Q2,1.952863665054104,58,NVDG,S000086646,2.0
2025Q3,1.9850609313954901,58,NVDG,S000086646,2.0
2025Q4,2.0029475102891916,61,NVDG,S000086646,2.0
2026Q1,1.9192214547109216,57,NVDG,S000086646,2.0
2026Q2,1.987416133283042,58,NVDG,S000086646,2.0
2026Q3,1.988057390735928,52,NVDG,S000086646,2.0
2025Q4,2.013021661305922,61,NVDB,S000094857,2.0
2026Q1,1.9829636765746774,57,NVDB,S000094857,2.0
2026Q2,1.951194190120315,58,NVDB,S000094857,2.0
2026Q3,1.989238159689441,52,NVDB,S000094857,2.0
2023Q4,-1.0110271213284443,61,NVDD,S000076248,-1.0
2024Q1,-0.9972701890022855,56,NVDD,S000076248,-1.0
2024Q2,-1.0063151297679855,59,NVDD,S000076248,-1.0
2024Q3,-1.0020214783737302,62,NVDD,S000076248,-1.0
2024Q4,-1.009288097546877,60,NVDD,S000076248,-1.0
2025Q1,-0.9909352119959831,56,NVDD,S000076248,-1.0
2025Q2,-0.9887544101544292,58,NVDD,S000076248,-1.0
2025Q3,-0.9978144435375911,58,NVDD,S000076248,-1.0
2025Q4,-0.9998094915647346,61,NVDD,S000076248,-1.0
2026Q1,-0.9964579561546091,57,NVDD,S000076248,-1.0
2026Q2,-0.9943417329553175,58,NVDD,S000076248,-1.0
2026Q3,-0.9906702465842567,52,NVDD,S000076248,-1.0
2022Q3,-1.3422347625057298,54,NVDS,S000076107,-1.5
2022Q4,-1.2379122185723825,61,NVDS,S000076107,-1.5
2023Q1,-1.2453229322242676,59,NVDS,S000076107,-1.5
2023Q2,-1.2500373509760172,58,NVDS,S000076107,-1.5
2023Q3,-1.2551516575585893,56,NVDS,S000076107,-1.5
2023Q4,-1.2543021258407145,61,NVDS,S000076107,-1.5
2024Q1,-1.2381092034002836,56,NVDS,S000076107,-1.5
2024Q2,-1.250471667625526,59,NVDS,S000076107,-1.5
2024Q3,-1.4814111270629173,62,NVDS,S000076107,-1.5
2024Q4,-1.4929078604864405,60,NVDS,S000076107,-1.5
2025Q1,-1.5041370606052606,56,NVDS,S000076107,-1.5
2025Q2,-1.4688121987671279,58,NVDS,S000076107,-1.5
2025Q3,-1.4912753355610182,58,NVDS,S000076107,-1.5
2025Q4,-1.5008349660031346,61,NVDS,S000076107,-1.5
2026Q1,-1.4876647197216284,57,NVDS,S000076107,-1.5
2026Q2,-1.5076047561848787,58,NVDS,S000076107,-1.5
2026Q3,-1.5054877402910785,52,NVDS,S000076107,-1.5
2023Q4,-2.0024218819631026,47,NVDQ,S000080897,-2.0
2024Q1,-1.982270247777803,56,NVDQ,S000080897,-2.0
2024Q2,-2.011654091810612,59,NVDQ,S000080897,-2.0
2024Q3,-1.990056808576992,62,NVDQ,S000080897,-2.0
2024Q4,-1.9979182628792787,60,NVDQ,S000080897,-2.0
2025Q1,-1.9990739382993505,56,NVDQ,S000080897,-2.0
2025Q2,-1.988061003721401,58,NVDQ,S000080897,-2.0
2025Q3,-1.928676859960839,58,NVDQ,S000080897,-2.0
2025Q4,-1.9755911237246517,61,NVDQ,S000080897,-2.0
2026Q1,-1.993795625536841,57,NVDQ,S000080897,-2.0
2026Q2,-1.991032973026066,58,NVDQ,S000080897,-2.0
2026Q3,-1.9934888138520026,52,NVDQ,S000080897,-2.0
2023Q3,-1.506911419148207,23,NVD,S000081142,-2.0
2023Q4,-1.4827530658595969,61,NVD,S000081142,-2.0
2024Q1,-1.9277276577245195,56,NVD,S000081142,-2.0
2024Q2,-1.9907519477819187,59,NVD,S000081142,-2.0
2024Q3,-1.9885264793620439,62,NVD,S000081142,-2.0
2024Q4,-2.00919082626335,60,NVD,S000081142,-2.0
2025Q1,-1.9901566493463858,56,NVD,S000081142,-2.0
2025Q2,-1.9785171225756284,58,NVD,S000081142,-2.0
2025Q3,-2.0031263622033384,58,NVD,S000081142,-2.0
2025Q4,-2.011802968966134,61,NVD,S000081142,-2.0
2026Q1,-1.9963697262775633,57,NVD,S000081142,-2.0
2026Q2,-2.0152770011515915,58,NVD,S000081142,-2.0
2026Q3,-1.9864986004242131,52,NVD,S000081142,-2.0
2024Q4,1.9894211223571774,17,NVOX,S000085138,2.0
2025Q1,2.0098470577266982,57,NVOX,S000085138,2.0
2025Q2,1.9859846188272328,59,NVOX,S000085138,2.0
2025Q3,1.9779419313426185,53,NVOX,S000085138,2.0
2025Q4,2.007632423309341,59,NVOX,S000085138,2.0
2026Q1,1.999019791086468,56,NVOX,S000085138,2.0
2026Q2,2.007229098258155,51,NVOX,S000085138,2.0
2026Q3,1.999109273777617,52,NVOX,S000085138,2.0
2025Q3,2.0087091030649322,15,NVTX,S000095057,2.0
2025Q4,1.9955478482419122,60,NVTX,S000095057,2.0
2026Q1,2.001539502461608,59,NVTX,S000095057,2.0
2026Q2,2.0021760485120534,62,NVTX,S000095057,2.0
2026Q3,1.9973778701743587,56,NVTX,S000095057,2.0
2026Q2,2.0004142913898524,21,NXPX,S000096121,2.0
2026Q3,2.2052574047535165,56,NXPX,S000096121,2.0
2026Q2,1.8756523180729405,18,NXPG,S000104258,2.0
2026Q3,1.9263816955433324,56,NXPG,S000104258,2.0
2025Q3,2.0022097935024097,61,OKLL,S000093243,2.0
2025Q4,1.9967316002711202,61,OKLL,S000093243,2.0
2026Q1,1.9920130819052786,59,OKLL,S000093243,2.0
2026Q2,1.9917246224065954,60,OKLL,S000093243,2.0
2026Q3,1.9798563044682498,55,OKLL,S000093243,2.0
2026Q2,2.0169963593770452,22,ONX,S000096122,2.0
2026Q3,1.9216099926397272,55,ONX,S000096122,2.0
2026Q1,1.9958946065591732,51,ONDU,S000100579,2.0
2026Q2,1.9721987011022848,57,ONDU,S000100579,2.0
2026Q3,1.9824222480861668,49,ONDU,S000100579,2.0
2025Q4,1.9776516879244876,43,OPEX,S000096123,2.0
2026Q1,2.0229096912015185,60,OPEX,S000096123,2.0
2026Q2,2.0282660761870424,62,OPEX,S000096123,2.0
2026Q3,2.015211743893145,53,OPEX,S000096123,2.0
2025Q1,1.9986497700809807,33,ORCX,S000089803,2.0
2025Q2,1.9257592956811005,58,ORCX,S000089803,2.0
2025Q3,1.98752135948523,61,ORCX,S000089803,2.0
2025Q4,2.0088725582689673,62,ORCX,S000089803,2.0
2026Q1,1.9883652372912501,60,ORCX,S000089803,2.0
2026Q2,2.009775632523242,59,ORCX,S000089803,2.0
2026Q3,1.9971987126116229,56,ORCX,S000089803,2.0
2025Q4,2.029549376967834,27,ORCU,S000094251,2.0
2026Q1,1.9905594717813502,60,ORCU,S000094251,2.0
2026Q2,2.021353784314554,59,ORCU,S000094251,2.0
2026Q3,1.9859732291292986,56,ORCU,S000094251,2.0
2025Q4,-1.0269689242246254,27,ORCS,S000094250,-1.0
2026Q1,-1.0044294151924609,60,ORCS,S000094250,-1.0
2026Q2,-1.0085967809332665,59,ORCS,S000094250,-1.0
2026Q3,-1.0128016559640236,56,ORCS,S000094250,-1.0
2026Q3,-2.017645611894105,46,ORCZ,S000105723,-2.0
2025Q4,2.0073859556590086,60,OSCX,S000095549,2.0
2026Q1,2.0158510841188493,57,OSCX,S000095549,2.0
2026Q2,2.005804332240343,60,OSCX,S000095549,2.0
2026Q3,2.3066658181502513,55,OSCX,S000095549,2.0
2026Q2,2.0379320533629777,23,OSSL,S000104016,2.0
2026Q3,2.0390914446935318,55,OSSL,S000104016,2.0
2026Q3,1.9898064960486483,51,PUL,S000105153,2.0
2025Q2,2.0153907221738185,55,PALU,S000090382,2.0
2025Q3,1.9852410235538844,54,PALU,S000090382,2.0
2025Q4,2.0023521134375803,62,PALU,S000090382,2.0
2026Q1,2.0070568244996325,54,PALU,S000090382,2.0
2026Q2,2.0183097916219026,60,PALU,S000090382,2.0
2026Q3,1.9978795565320084,53,PALU,S000090382,2.0
2025Q2,1.9948885422870557,55,PANG,S000091225,2.0
2025Q3,1.9688946814321142,54,PANG,S000091225,2.0
2025Q4,2.008285533098606,62,PANG,S000091225,2.0
2026Q1,2.0062696432376557,54,PANG,S000091225,2.0
2026Q2,2.0089053633200455,60,PANG,S000091225,2.0
2026Q3,2.0007495877758728,53,PANG,S000091225,2.0
2025Q2,-1.002195215962499,55,PALD,S000090368,-1.0
2025Q3,-0.9960380770054451,54,PALD,S000090368,-1.0
2025Q4,-1.0021831300422652,62,PALD,S000090368,-1.0
2026Q1,-0.9968570303970229,54,PALD,S000090368,-1.0
2026Q2,-0.9979600253829572,60,PALD,S000090368,-1.0
2026Q3,-0.9943911494937896,53,PALD,S000090368,-1.0
2026Q1,2.028080642427586,51,PATX,S000100580,2.0
2026Q2,2.025860562108327,58,PATX,S000100580,2.0
2026Q3,1.9989911095653645,54,PATX,S000100580,2.0
2025Q2,1.991579146238766,57,KPDD,S000089271,2.0
2025Q3,2.000598102218321,56,KPDD,S000089271,2.0
2025Q4,2.0010323904726115,56,KPDD,S000089271,2.0
2026Q1,1.984733118518978,53,KPDD,S000089271,2.0
2026Q2,1.9914661830293845,56,KPDD,S000089271,2.0
2026Q3,1.9859418521321455,53,KPDD,S000089271,2.0
2025Q3,2.000851610610196,48,PDDL,S000090915,2.0
2025Q4,2.001708441062982,56,PDDL,S000090915,2.0
2026Q1,2.0212473291608575,53,PDDL,S000090915,2.0
2026Q2,1.9857314415235097,56,PDDL,S000090915,2.0
2026Q3,2.0220091295680795,53,PDDL,S000090915,2.0
2024Q3,1.9964649842863327,15,PTIR,S000076345,2.0
2024Q4,2.005511572084126,60,PTIR,S000076345,2.0
2025Q1,1.9912320386946685,58,PTIR,S000076345,2.0
2025Q2,2.0000714373608783,59,PTIR,S000076345,2.0
2025Q3,1.9949250564709713,60,PTIR,S000076345,2.0
2025Q4,1.9940035307920705,55,PTIR,S000076345,2.0
2026Q1,1.991305290044782,60,PTIR,S000076345,2.0
2026Q2,1.9911203860508329,56,PTIR,S000076345,2.0
2026Q3,1.9824019846313587,53,PTIR,S000076345,2.0
2025Q1,1.9871922008082614,58,PLTU,S000088054,2.0
2025Q2,1.9922798663920238,59,PLTU,S000088054,2.0
2025Q3,1.9896540452137916,60,PLTU,S000088054,2.0
2025Q4,1.9999641131876205,55,PLTU,S000088054,2.0
2026Q1,1.994326869062649,60,PLTU,S000088054,2.0
2026Q2,1.9898148095317765,56,PLTU,S000088054,2.0
2026Q3,1.9775895146813591,53,PLTU,S000088054,2.0
2025Q2,1.9806013816574561,42,PLTG,S000091226,2.0
2025Q3,1.9768388023557844,60,PLTG,S000091226,2.0
2025Q4,1.9921193247310838,55,PLTG,S000091226,2.0
2026Q1,2.0275251123646933,60,PLTG,S000091226,2.0
2026Q2,1.9809692128452052,56,PLTG,S000091226,2.0
2026Q3,1.985332855649566,53,PLTG,S000091226,2.0
2025Q4,1.988416551562914,55,PLTA,S000094858,2.0
2026Q1,1.9980414909848374,60,PLTA,S000094858,2.0
2026Q2,2.000031969411946,56,PLTA,S000094858,2.0
2026Q3,1.984202785404372,53,PLTA,S000094858,2.0
2025Q1,-0.9961125826705423,58,PLTD,S000088055,-1.0
2025Q2,-0.9941359951021431,59,PLTD,S000088055,-1.0
2025Q3,-1.0017672470238166,60,PLTD,S000088055,-1.0
2025Q4,-1.00863744680293,55,PLTD,S000088055,-1.0
2026Q1,-1.0003016737749384,60,PLTD,S000088055,-1.0
2026Q2,-0.9950004414459936,56,PLTD,S000088055,-1.0
2026Q3,-0.9984079874036663,53,PLTD,S000088055,-1.0
2025Q2,-1.9786858603875774,15,PLTZ,S000092367,-2.0
2025Q3,-2.0022164454493394,60,PLTZ,S000092367,-2.0
2025Q4,-2.0018842527306258,55,PLTZ,S000092367,-2.0
2026Q1,-1.9932154723337747,60,PLTZ,S000092367,-2.0
2026Q2,-1.9989904525571935,56,PLTZ,S000092367,-2.0
2026Q3,-1.9888477018446928,53,PLTZ,S000092367,-2.0
2026Q1,1.933728913080737,51,PLUL,S000100550,2.0
2026Q2,1.9895178232122674,59,PLUL,S000100550,2.0
2026Q3,1.9424621316742996,53,PLUL,S000100550,2.0
2026Q2,1.9748019448486045,39,POEL,S000100998,2.0
2026Q3,1.9791654257614018,56,POEL,S000100998,2.0
2025Q4,1.9987882014353127,60,PONX,S000095059,2.0
2026Q1,2.001348221764204,60,PONX,S000095059,2.0
2026Q2,1.995208365778369,58,PONX,S000095059,2.0
2026Q3,1.9836937109469843,53,PONX,S000095059,2.0
2026Q3,2.009701958587555,50,PUR,S000105972,2.0
2025Q2,1.9863999357996647,53,PYPG,S000091227,2.0
2025Q3,1.9977588082727131,61,PYPG,S000091227,2.0
2025Q4,1.994486870816703,56,PYPG,S000091227,2.0
2026Q1,1.998365821341188,59,PYPG,S000091227,2.0
2026Q2,2.0022107227651924,55,PYPG,S000091227,2.0
2026Q3,2.016156523311701,52,PYPG,S000091227,2.0
2026Q2,1.9554816449128134,55,PYPU,S000092897,2.0
2026Q3,2.025586883442898,52,PYPU,S000092897,2.0
2025Q2,1.987776190494799,41,QBTX,S000091896,2.0
2025Q3,1.9879621520754933,62,QBTX,S000091896,2.0
2025Q4,1.9740588505991383,64,QBTX,S000091896,2.0
2026Q1,1.9794199860665398,58,QBTX,S000091896,2.0
2026Q2,1.994988474085653,61,QBTX,S000091896,2.0
2026Q3,1.9216326192256235,53,QBTX,S000091896,2.0
2025Q4,-1.9922845432537373,59,QBTZ,S000093245,-2.0
2026Q1,-2.004899399117377,58,QBTZ,S000093245,-2.0
2026Q2,-2.0130762976138037,60,QBTZ,S000093245,-2.0
2026Q3,-1.9668963047539538,53,QBTZ,S000093245,-2.0
2025Q2,1.9883138841700274,53,QCML,S000088293,2.0
2025Q3,1.8907212145009205,51,QCML,S000088293,2.0
2025Q4,1.98663408788635,55,QCML,S000088293,2.0
2026Q1,1.966466077058278,58,QCML,S000088293,2.0
2026Q2,2.0463456159688747,59,QCML,S000088293,2.0
2026Q3,1.997813781151589,54,QCML,S000088293,2.0
2025Q3,2.0040589000353566,51,QCMU,S000090369,2.0
2025Q4,2.0011518347077217,55,QCMU,S000090369,2.0
2026Q1,2.0009211929293347,58,QCMU,S000090369,2.0
2026Q2,2.050908694843121,59,QCMU,S000090369,2.0
2026Q3,2.00104232115257,54,QCMU,S000090369,2.0
2025Q3,-0.9973438691130226,48,QCMD,S000090370,-1.0
2025Q4,-0.9936028070723834,55,QCMD,S000090370,-1.0
2026Q1,-1.0250547377607675,58,QCMD,S000090370,-1.0
2026Q2,-1.0086656095719175,59,QCMD,S000090370,-1.0
2026Q3,-1.0060303037661475,54,QCMD,S000090370,-1.0
2025Q4,1.9990609291693215,47,QSU,S000095916,2.0
2026Q1,1.9734030820149004,58,QSU,S000095916,2.0
2026Q2,1.9938604457194942,60,QSU,S000095916,2.0
2026Q3,1.983140497419208,52,QSU,S000095916,2.0
2025Q3,1.9725397227817425,62,QUBX,S000091897,2.0
2025Q4,1.9798861500747849,64,QUBX,S000091897,2.0
2026Q1,1.9231968767828007,59,QUBX,S000091897,2.0
2026Q2,2.0204468511964624,60,QUBX,S000091897,2.0
2026Q3,1.9482053146743812,56,QUBX,S000091897,2.0
2025Q1,2.012340633264854,18,RBLU,S000087475,2.0
2025Q2,2.035015751286445,58,RBLU,S000087475,2.0
2025Q3,1.9959680018603734,59,RBLU,S000087475,2.0
2025Q4,2.0263987109858292,61,RBLU,S000087475,2.0
2026Q1,2.0201187860180503,56,RBLU,S000087475,2.0
2026Q2,1.9906058104363749,60,RBLU,S000087475,2.0
2026Q3,2.004672665011023,54,RBLU,S000087475,2.0
2026Q1,2.0181476108104106,37,RCAX,S000095540,2.0
2026Q2,1.9781951513576965,60,RCAX,S000095540,2.0
2026Q3,1.982656955036235,55,RCAX,S000095540,2.0
2025Q2,1.993507575142201,62,RDTL,S000090916,2.0
2025Q3,1.9693986129948315,61,RDTL,S000090916,2.0
2025Q4,1.9753768181227975,61,RDTL,S000090916,2.0
2026Q1,1.975772041364703,60,RDTL,S000090916,2.0
2026Q2,1.9885205886576798,60,RDTL,S000090916,2.0
2026Q3,1.9766720324038758,55,RDTL,S000090916,2.0
2026Q1,1.977475424369103,41,RDWU,S000095466,2.0
2026Q2,2.008360233155328,61,RDWU,S000095466,2.0
2026Q3,1.9788852423174612,54,RDWU,S000095466,2.0
2025Q2,1.9900801666754422,59,RGTX,S000091058,2.0
2025Q3,1.9883168505952986,61,RGTX,S000091058,2.0
2025Q4,1.994610652972831,62,RGTX,S000091058,2.0
2026Q1,1.9847171712044527,59,RGTX,S000091058,2.0
2026Q2,2.0014479889781924,60,RGTX,S000091058,2.0
2026Q3,1.980341111400471,53,RGTX,S000091058,2.0
2025Q3,1.9811045537418064,61,RGTU,S000091898,2.0
2025Q4,2.002794502337503,62,RGTU,S000091898,2.0
2026Q1,1.9558544085403795,59,RGTU,S000091898,2.0
2026Q2,2.0213914078174917,60,RGTU,S000091898,2.0
2026Q3,1.9838482020453183,53,RGTU,S000091898,2.0
2025Q4,-1.9917176232017209,55,RGTZ,S000093246,-2.0
2026Q1,-1.972144110654816,59,RGTZ,S000093246,-2.0
2026Q2,-1.9944431792916162,60,RGTZ,S000093246,-2.0
2026Q3,-1.9722432738372255,53,RGTZ,S000093246,-2.0
2025Q1,1.9792795208746405,53,RIOX,S000085120,2.0
2025Q2,1.9894779791124364,61,RIOX,S000085120,2.0
2025Q3,1.9980371328581166,63,RIOX,S000085120,2.0
2025Q4,2.025407388501653,63,RIOX,S000085120,2.0
2026Q1,2.003264847617457,57,RIOX,S000085120,2.0
2026Q2,2.000608890982322,57,RIOX,S000085120,2.0
2026Q3,1.9862612783977376,55,RIOX,S000085120,2.0
2025Q2,1.9841108205793185,46,RVNL,S000081164,2.0
2025Q3,1.960522760548466,61,RVNL,S000081164,2.0
2025Q4,2.0005332879371758,63,RVNL,S000081164,2.0
2026Q1,1.979873151460182,60,RVNL,S000081164,2.0
2026Q2,1.9872988644613105,62,RVNL,S000081164,2.0
2026Q3,2.01167398638177,54,RVNL,S000081164,2.0
2025Q2,1.9996672678597536,61,RKLX,S000091059,2.0
2025Q3,1.9991863545017186,60,RKLX,S000091059,2.0
2025Q4,1.9997481583513423,61,RKLX,S000091059,2.0
2026Q1,1.990131942555302,58,RKLX,S000091059,2.0
2026Q2,1.9893764471137947,60,RKLX,S000091059,2.0
2026Q3,1.994114647149656,54,RKLX,S000091059,2.0
2025Q4,-2.0019261458190796,27,RKLZ,S000092368,-2.0
2026Q1,-2.003784683346328,58,RKLZ,S000092368,-2.0
2026Q2,-1.994320092950634,60,RKLZ,S000092368,-2.0
2026Q3,-2.0113294940592072,54,RKLZ,S000092368,-2.0
2026Q3,2.042113994112028,54,RMBX,S000105755,2.0
2025Q2,2.072424676154692,15,RTXG,S000091230,2.0
2025Q3,1.947356825069248,47,RTXG,S000091230,2.0
2025Q4,2.0118302830494486,57,RTXG,S000091230,2.0
2026Q1,2.0298946906905293,57,RTXG,S000091230,2.0
2026Q2,2.003828753598289,55,RTXG,S000091230,2.0
2026Q3,1.9831825851518146,49,RTXG,S000091230,2.0
2025Q4,1.9895526169342344,47,SBTU,S000095873,2.0
2026Q1,2.0453884975064276,61,SBTU,S000095873,2.0
2026Q2,2.0152469061200904,59,SBTU,S000095873,2.0
2026Q3,1.9627357262028557,56,SBTU,S000095873,2.0
2025Q3,2.0186769510791387,37,SHPU,S000092901,2.0
2025Q4,2.004129392154241,58,SHPU,S000092901,2.0
2026Q1,2.0145330146625,58,SHPU,S000092901,2.0
2026Q2,2.006213729538587,57,SHPU,S000092901,2.0
2026Q3,1.9923678094751878,52,SHPU,S000092901,2.0
2026Q3,2.00928612238346,28,SITX,S000106993,2.0
2024Q3,1.8396346876403198,26,SMCX,S000085140,2.0
2024Q4,1.9971085946514464,62,SMCX,S000085140,2.0
2025Q1,1.9926031560818027,58,SMCX,S000085140,2.0
2025Q2,1.9876574065946953,60,SMCX,S000085140,2.0
2025Q3,1.9926029916431218,60,SMCX,S000085140,2.0
2025Q4,1.9972225060731732,62,SMCX,S000085140,2.0
2026Q1,1.9803374418155897,56,SMCX,S000085140,2.0
2026Q2,1.985126915971363,61,SMCX,S000085140,2.0
2026Q3,1.980690845014227,55,SMCX,S000085140,2.0
2025Q1,1.9932805519162122,58,SMCL,S000088294,2.0
2025Q2,1.981565084976346,60,SMCL,S000088294,2.0
2025Q3,1.9971915212997104,60,SMCL,S000088294,2.0
2025Q4,1.9850315905323928,62,SMCL,S000088294,2.0
2026Q1,1.985347476898976,56,SMCL,S000088294,2.0
2026Q2,1.9951462225487535,61,SMCL,S000088294,2.0
2026Q3,1.9879520276630165,55,SMCL,S000088294,2.0
2025Q2,-2.0051428422822957,59,SMCZ,S000091503,-2.0
2025Q3,-1.9932664512839038,60,SMCZ,S000091503,-2.0
2025Q4,-1.9979919808741933,62,SMCZ,S000091503,-2.0
2026Q1,-1.9751093797063888,57,SMCZ,S000091503,-2.0
2026Q2,-1.9879699298196685,61,SMCZ,S000091503,-2.0
2026Q3,-1.9980817640707405,55,SMCZ,S000091503,-2.0
2025Q3,2.035366745978471,45,SMUP,S000087466,2.0
2025Q4,1.9814765134057777,63,SMUP,S000087466,2.0
2026Q1,1.945627673590629,59,SMUP,S000087466,2.0
2026Q2,1.9722652509480636,61,SMUP,S000087466,2.0
2026Q3,2.0081478519499845,56,SMUP,S000087466,2.0
2025Q3,1.9964108779174026,56,SMU,S000093732,2.0
2025Q4,1.980503268635314,63,SMU,S000093732,2.0
2026Q1,1.9805374602036325,60,SMU,S000093732,2.0
2026Q2,1.9587151145007806,61,SMU,S000093732,2.0
2026Q3,1.999926209230937,56,SMU,S000093732,2.0
2026Q1,-1.9623669712193206,32,SMZ,S000100822,-2.0
2026Q2,-2.031816062436486,61,SMZ,S000100822,-2.0
2026Q3,-1.9973804627750174,56,SMZ,S000100822,-2.0
2026Q3,1.9711726864276862,56,SMTG,S000105559,2.0
2026Q1,1.9903880139308978,43,SNXX,S000100925,2.0
2026Q2,1.9723261130412912,59,SNXX,S000100925,2.0
2026Q3,1.9910523675325966,53,SNXX,S000100925,2.0
2026Q2,2.0064244603374077,59,SNDU,S000101637,2.0
2026Q3,2.0093860906111844,53,SNDU,S000101637,2.0
2025Q2,2.0168900925570696,36,SNOU,S000087479,2.0
2025Q3,1.9473177957583878,56,SNOU,S000087479,2.0
2025Q4,2.075182597909971,60,SNOU,S000087479,2.0
2026Q1,2.0471460765115257,59,SNOU,S000087479,2.0
2026Q2,2.005323750620264,60,SNOU,S000087479,2.0
2026Q3,1.9565178751666474,54,SNOU,S000087479,2.0
2025Q1,1.9830006255997665,50,SOFX,S000089804,2.0
2025Q2,2.013603784946559,60,SOFX,S000089804,2.0
2025Q3,2.000425233508246,62,SOFX,S000089804,2.0
2025Q4,1.9811104876546641,63,SOFX,S000089804,2.0
2026Q1,1.9860717591564423,58,SOFX,S000089804,2.0
2026Q2,1.9969486827179364,58,SOFX,S000089804,2.0
2026Q3,1.980400798246316,54,SOFX,S000089804,2.0
2026Q1,1.9929001880763657,32,SOFA,S000092904,2.0
2026Q2,1.9926406889447814,58,SOFA,S000092904,2.0
2026Q3,1.9709600519616537,54,SOFA,S000092904,2.0
2025Q3,1.9767037751481806,64,SOUX,S000091050,2.0
2025Q4,2.0168346907220975,62,SOUX,S000091050,2.0
2026Q1,2.0268307878050336,58,SOUX,S000091050,2.0
2026Q2,1.9859378154180205,59,SOUX,S000091050,2.0
2026Q3,1.9853727343012786,54,SOUX,S000091050,2.0
2026Q3,1.9896852133044347,50,TELG,S000105561,2.0
2025Q2,1.9818290895263657,31,TEMT,S000091899,2.0
2025Q3,1.982543420694227,61,TEMT,S000091899,2.0
2025Q4,1.9861785787074704,62,TEMT,S000091899,2.0
2026Q1,1.98915908340015,57,TEMT,S000091899,2.0
2026Q2,1.9748745838508859,61,TEMT,S000091899,2.0
2026Q3,2.000111104469457,55,TEMT,S000091899,2.0
2026Q3,1.9734654640302807,55,TSEG,S000105562,2.0
2026Q3,1.9733586602344824,54,TSEU,S000105758,2.0
2022Q3,1.4781478327510744,35,TSLL,S000072483,2.0
2022Q4,1.499897358402664,55,TSLL,S000072483,2.0
2023Q1,1.5011596754768792,61,TSLL,S000072483,2.0
2023Q2,1.4999831340424938,60,TSLL,S000072483,2.0
2023Q3,1.5011916277061153,59,TSLL,S000072483,2.0
2023Q4,1.5035134262893295,60,TSLL,S000072483,2.0
2024Q1,1.4951411303692725,54,TSLL,S000072483,2.0
2024Q2,1.9983946890204942,61,TSLL,S000072483,2.0
2024Q3,1.995645677931233,64,TSLL,S000072483,2.0
2024Q4,1.9949730702678032,59,TSLL,S000072483,2.0
2025Q1,1.9921401346099035,55,TSLL,S000072483,2.0
2025Q2,1.9932810613760492,57,TSLL,S000072483,2.0
2025Q3,1.993222191693469,60,TSLL,S000072483,2.0
2025Q4,1.9870086096934088,61,TSLL,S000072483,2.0
2026Q1,1.9861702345721683,51,TSLL,S000072483,2.0
2026Q2,2.002009157060879,59,TSLL,S000072483,2.0
2026Q3,1.991401709487107,56,TSLL,S000072483,2.0
2023Q4,1.9826705743054347,47,TSLT,S000080900,2.0
2024Q1,1.9896114339129685,54,TSLT,S000080900,2.0
2024Q2,1.9961602023134668,61,TSLT,S000080900,2.0
2024Q3,1.999088980614767,64,TSLT,S000080900,2.0
2024Q4,2.0022514273952177,59,TSLT,S000080900,2.0
2025Q1,1.9716528222018403,55,TSLT,S000080900,2.0
2025Q2,1.9940940403285832,57,TSLT,S000080900,2.0
2025Q3,1.9993385191249027,60,TSLT,S000080900,2.0
2025Q4,1.986201948982556,61,TSLT,S000080900,2.0
2026Q1,1.9790970470529337,51,TSLT,S000080900,2.0
2026Q2,1.9930153907959236,59,TSLT,S000080900,2.0
2026Q3,2.0092343678574967,56,TSLT,S000080900,2.0
2023Q3,1.7169759027871556,21,TSLR,S000081146,2.0
2023Q4,1.7243841685839991,60,TSLR,S000081146,2.0
2024Q1,1.9943106806339936,54,TSLR,S000081146,2.0
2024Q2,2.0065458645110152,61,TSLR,S000081146,2.0
2024Q3,2.0045399858996182,64,TSLR,S000081146,2.0
2024Q4,1.9938461821927587,59,TSLR,S000081146,2.0
2025Q1,1.9953375794740387,55,TSLR,S000081146,2.0
2025Q2,1.9951116539178217,57,TSLR,S000081146,2.0
2025Q3,1.9976028641669765,60,TSLR,S000081146,2.0
2025Q4,2.006008135799799,61,TSLR,S000081146,2.0
2026Q1,2.0028311727694876,51,TSLR,S000081146,2.0
2026Q2,2.007583247162283,59,TSLR,S000081146,2.0
2026Q3,2.0065831961661678,56,TSLR,S000081146,2.0
2025Q1,1.995341324575098,55,TSLG,S000086635,2.0
2025Q2,1.9936711856710352,57,TSLG,S000086635,2.0
2025Q3,1.9953914137083832,60,TSLG,S000086635,2.0
2025Q4,1.9914588333962382,61,TSLG,S000086635,2.0
2026Q1,1.9870868821809922,51,TSLG,S000086635,2.0
2026Q2,2.0131949262024755,59,TSLG,S000086635,2.0
2026Q3,2.007031245865292,56,TSLG,S000086635,2.0
2025Q4,1.9878146615442205,61,TSLI,S000094859,2.0
2026Q1,1.9864240611937398,51,TSLI,S000094859,2.0
2026Q2,1.9675932959566704,59,TSLI,S000094859,2.0
2026Q3,2.0122703846722088,56,TSLI,S000094859,2.0
2022Q3,1.2466876191722032,35,TSL,S000076347,1.25
2022Q4,1.234217345659875,55,TSL,S000076347,1.25
2023Q1,1.2515088458095154,61,TSL,S000076347,1.25
2023Q2,1.2426961435028305,60,TSL,S000076347,1.25
2023Q3,1.2640058804569763,59,TSL,S000076347,1.25
2023Q4,1.2487749158511596,60,TSL,S000076347,1.25
2024Q1,1.2508017066749648,54,TSL,S000076347,1.25
2024Q2,1.2467225667671418,61,TSL,S000076347,1.25
2024Q3,1.2482876885188117,64,TSL,S000076347,1.25
2024Q4,1.2427351545458625,59,TSL,S000076347,1.25
2025Q1,1.2456968304668057,55,TSL,S000076347,1.25
2025Q2,1.248899471292035,57,TSL,S000076347,1.25
2025Q3,1.2449860750727457,60,TSL,S000076347,1.25
2025Q4,1.2502937726255854,61,TSL,S000076347,1.25
2026Q1,1.239610567737918,51,TSL,S000076347,1.25
2026Q2,1.250538227893793,59,TSL,S000076347,1.25
2026Q3,1.2564231980502663,56,TSL,S000076347,1.25
2022Q3,-1.010868186693927,34,TSLS,S000071019,-1.0
2022Q4,-0.9940588740034397,55,TSLS,S000071019,-1.0
2023Q1,-1.003713630395369,61,TSLS,S000071019,-1.0
2023Q2,-1.0024520458901247,60,TSLS,S000071019,-1.0
2023Q3,-1.0041956093632443,59,TSLS,S000071019,-1.0
2023Q4,-0.9972988453419601,60,TSLS,S000071019,-1.0
2024Q1,-1.0059427571266937,54,TSLS,S000071019,-1.0
2024Q2,-1.0031614323426592,61,TSLS,S000071019,-1.0
2024Q3,-1.000863306156072,64,TSLS,S000071019,-1.0
2024Q4,-1.0000002706074538,59,TSLS,S000071019,-1.0
2025Q1,-1.0007849521014949,55,TSLS,S000071019,-1.0
2025Q2,-0.9982163802361552,57,TSLS,S000071019,-1.0
2025Q3,-0.9962614495738719,60,TSLS,S000071019,-1.0
2025Q4,-1.0224132291708148,61,TSLS,S000071019,-1.0
2026Q1,-1.0086683113903687,51,TSLS,S000071019,-1.0
2026Q2,-1.0026192454442338,59,TSLS,S000071019,-1.0
2026Q3,-1.0027622677797903,56,TSLS,S000071019,-1.0
2022Q3,-0.9998870488248253,50,TSLQ,S000076096,-2.0
2022Q4,-0.995121596658807,55,TSLQ,S000076096,-2.0
2023Q1,-0.9991234786233665,61,TSLQ,S000076096,-2.0
2023Q2,-1.0042863088812521,60,TSLQ,S000076096,-2.0
2023Q3,-0.9970577574855656,59,TSLQ,S000076096,-2.0
2023Q4,-1.0010411209318744,60,TSLQ,S000076096,-2.0
2024Q1,-1.0053005083909201,54,TSLQ,S000076096,-2.0
2024Q2,-1.0053036465359864,61,TSLQ,S000076096,-2.0
2024Q3,-1.7604904934057797,64,TSLQ,S000076096,-2.0
2024Q4,-1.992864969239231,59,TSLQ,S000076096,-2.0
2025Q1,-2.010303402334172,55,TSLQ,S000076096,-2.0
2025Q2,-1.9898316929493858,57,TSLQ,S000076096,-2.0
2025Q3,-2.0010970725893813,60,TSLQ,S000076096,-2.0
2025Q4,-1.9995026297258425,61,TSLQ,S000076096,-2.0
2026Q1,-1.9937431706096913,51,TSLQ,S000076096,-2.0
2026Q2,-2.0011504929455053,59,TSLQ,S000076096,-2.0
2026Q3,-1.998725309858509,56,TSLQ,S000076096,-2.0
2023Q4,-1.9963711011924101,47,TSLZ,S000080898,-2.0
2024Q1,-2.010939136580684,54,TSLZ,S000080898,-2.0
2024Q2,-2.0056322700539875,61,TSLZ,S000080898,-2.0
2024Q3,-2.0008652951771517,64,TSLZ,S000080898,-2.0
2024Q4,-1.9786811772434252,59,TSLZ,S000080898,-2.0
2025Q1,-2.0034620908119507,55,TSLZ,S000080898,-2.0
2025Q2,-1.9981525061645231,57,TSLZ,S000080898,-2.0
2025Q3,-1.971893962052322,60,TSLZ,S000080898,-2.0
2025Q4,-1.9192578200138752,61,TSLZ,S000080898,-2.0
2026Q1,-2.0042368928388017,51,TSLZ,S000080898,-2.0
2026Q2,-1.994482957561898,59,TSLZ,S000080898,-2.0
2026Q3,-2.00986505798411,56,TSLZ,S000080898,-2.0
2023Q3,-1.5490136097930973,21,TSDD,S000081144,-2.0
2023Q4,-1.4979976433660422,60,TSDD,S000081144,-2.0
2024Q1,-1.9933711403835026,54,TSDD,S000081144,-2.0
2024Q2,-2.0150553097853967,61,TSDD,S000081144,-2.0
2024Q3,-2.003602659880384,64,TSDD,S000081144,-2.0
2024Q4,-1.9793161694995325,59,TSDD,S000081144,-2.0
2025Q1,-2.001018471591251,55,TSDD,S000081144,-2.0
2025Q2,-1.9810843309478872,57,TSDD,S000081144,-2.0
2025Q3,-1.994305664636166,60,TSDD,S000081144,-2.0
2025Q4,-1.995378856356635,61,TSDD,S000081144,-2.0
2026Q1,-1.9948119352756741,51,TSDD,S000081144,-2.0
2026Q2,-2.004699774161314,59,TSDD,S000081144,-2.0
2026Q3,-2.0077980674020073,56,TSDD,S000081144,-2.0
2025Q1,1.9540513702056626,49,TSMG,S000086636,2.0
2025Q2,1.9714176788666915,58,TSMG,S000086636,2.0
2025Q3,1.9573040233490577,60,TSMG,S000086636,2.0
2025Q4,1.9945178911955492,60,TSMG,S000086636,2.0
2026Q1,2.0235361023797576,58,TSMG,S000086636,2.0
2026Q2,2.0268377597056086,61,TSMG,S000086636,2.0
2026Q3,2.026070869620901,55,TSMG,S000086636,2.0
2024Q4,1.9816720568158934,59,TSMX,S000088056,2.0
2025Q1,1.972630138388824,56,TSMX,S000088056,2.0
2025Q2,2.006305164797752,58,TSMX,S000088056,2.0
2025Q3,1.9982666505128581,60,TSMX,S000088056,2.0
2025Q4,2.0196945125948305,60,TSMX,S000088056,2.0
2026Q1,1.9996716218729864,58,TSMX,S000088056,2.0
2026Q2,2.005148643759634,61,TSMX,S000088056,2.0
2026Q3,1.9874948509248995,55,TSMX,S000088056,2.0
2024Q4,1.987139273988346,33,TSMU,S000088295,2.0
2025Q1,1.9789591983736596,56,TSMU,S000088295,2.0
2025Q2,1.9955499414785791,58,TSMU,S000088295,2.0
2025Q3,1.9839385150560094,60,TSMU,S000088295,2.0
2025Q4,2.01913929823448,60,TSMU,S000088295,2.0
2026Q1,1.9933216634379913,58,TSMU,S000088295,2.0
2026Q2,1.9851460731583686,61,TSMU,S000088295,2.0
2026Q3,2.005083526590334,55,TSMU,S000088295,2.0
2024Q4,-0.9729050567628563,59,TSMZ,S000088057,-1.0
2025Q1,-0.9964680388167911,56,TSMZ,S000088057,-1.0
2025Q2,-0.9935314096986799,58,TSMZ,S000088057,-1.0
2025Q3,-0.9867216884268677,60,TSMZ,S000088057,-1.0
2025Q4,-1.0049654454260195,60,TSMZ,S000088057,-1.0
2026Q1,-1.0056639880345801,58,TSMZ,S000088057,-1.0
2026Q2,-0.9892191234290059,61,TSMZ,S000088057,-1.0
2026Q3,-0.9982401018821612,55,TSMZ,S000088057,-1.0
2025Q4,-2.025432652717343,28,STSM,S000096887,-2.0
2026Q1,-1.9897266055617857,58,STSM,S000096887,-2.0
2026Q2,-1.9481974963849686,61,STSM,S000096887,-2.0
2026Q3,-2.0253522282941834,55,STSM,S000096887,-2.0
2025Q4,2.0198366652801547,55,TTDU,S000093886,2.0
2026Q1,1.9885974820310708,57,TTDU,S000093886,2.0
2026Q2,1.9898677650397019,61,TTDU,S000093886,2.0
2026Q3,2.0011076633906004,55,TTDU,S000093886,2.0
2026Q3,2.0064820548684335,53,TTMX,S000103189,2.0
2026Q2,1.981292281386412,56,TXNU,S000094266,2.0
2026Q3,2.007910382472889,52,TXNU,S000094266,2.0
2025Q4,2.035432580678583,60,UNX,S000095061,2.0
2026Q1,2.0285857835867698,58,UNX,S000095061,2.0
2026Q2,1.963234294667641,54,UNX,S000095061,2.0
2026Q3,2.0072501273151646,56,UNX,S000095061,2.0
2024Q3,2.043648200287595,18,UBRL,S000076351,2.0
2024Q4,1.99845240471254,57,UBRL,S000076351,2.0
2025Q1,1.9988989921026303,57,UBRL,S000076351,2.0
2025Q2,1.9977467141217522,59,UBRL,S000076351,2.0
2025Q3,1.9606649169751382,57,UBRL,S000076351,2.0
2025Q4,1.9815520306288255,55,UBRL,S000076351,2.0
2026Q1,2.0174508895863554,61,UBRL,S000076351,2.0
2026Q2,1.9881081809210845,56,UBRL,S000076351,2.0
2026Q3,1.9821846904206426,54,UBRL,S000076351,2.0
2026Q3,1.9926592656551145,28,UMCU,S000106994,2.0
2025Q3,2.0126348703622576,47,UNHG,S000085493,2.0
2025Q4,1.992847098550868,60,UNHG,S000085493,2.0
2026Q1,1.9831157157395045,60,UNHG,S000085493,2.0
2026Q2,1.981881784656101,57,UNHG,S000085493,2.0
2026Q3,2.016581477454076,54,UNHG,S000085493,2.0
2026Q2,1.9529920222473185,57,UNHU,S000094271,2.0
2026Q3,1.9955437900069077,54,UNHU,S000094271,2.0
2025Q3,1.9929299858104064,62,UPSX,S000091892,2.0
2025Q4,1.992725124894025,61,UPSX,S000091892,2.0
2026Q1,1.9711527916447942,58,UPSX,S000091892,2.0
2026Q2,2.0040834302491053,59,UPSX,S000091892,2.0
2026Q3,1.9746601709548568,56,UPSX,S000091892,2.0
2026Q1,1.9862081385311363,52,USAX,S000100586,2.0
2026Q2,1.9840173130294974,62,USAX,S000100586,2.0
2026Q3,1.987661748296643,56,USAX,S000100586,2.0
2026Q2,2.005695745598621,16,VELL,S000104018,2.0
2026Q3,1.9574708163166241,57,VELL,S000104018,2.0
2026Q3,2.0042110403147015,25,VIAG,S000105564,2.0
2025Q2,1.979380299982674,57,VRTL,S000090909,2.0
2025Q3,1.9769582373221104,60,VRTL,S000090909,2.0
2025Q4,1.9885176201555885,60,VRTL,S000090909,2.0
2026Q1,1.9846556999479148,56,VRTL,S000090909,2.0
2026Q2,2.0174777087221853,59,VRTL,S000090909,2.0
2026Q3,1.9993649727656382,57,VRTL,S000090909,2.0
2025Q3,1.9828766185775641,46,VSTL,S000091051,2.0
2025Q4,1.9723713513303607,59,VSTL,S000091051,2.0
2026Q1,1.982485721364878,60,VSTL,S000091051,2.0
2026Q2,1.9719448555991554,58,VSTL,S000091051,2.0
2026Q3,1.974850111619152,54,VSTL,S000091051,2.0
2026Q1,2.0441082871887977,44,WDCX,S000100587,2.0
2026Q2,2.020869062650326,60,WDCX,S000100587,2.0
2026Q3,2.0033191474261964,55,WDCX,S000100587,2.0
2025Q4,1.9978364466049912,47,WULX,S000096128,2.0
2026Q1,1.9919813796530743,57,WULX,S000096128,2.0
2026Q2,1.9541925009723018,60,WULX,S000096128,2.0
2026Q3,1.9714850483753645,57,WULX,S000096128,2.0
2026Q2,2.019504989023859,16,WYFL,S000103269,2.0
2026Q3,1.9954499392821543,57,WYFL,S000103269,2.0
2026Q2,1.9641530079647196,36,XNDX,S000100946,2.0
2026Q3,1.947134364640746,56,XNDX,S000100946,2.0
2025Q2,1.9635563291757638,40,XOMX,S000090373,2.0
2025Q3,1.960618517458541,60,XOMX,S000090373,2.0
2025Q4,1.8921302620738407,56,XOMX,S000090373,2.0
2026Q1,2.0406373045578046,57,XOMX,S000090373,2.0
2026Q2,2.003149541613227,58,XOMX,S000090373,2.0
2026Q3,1.9905287618047904,50,XOMX,S000090373,2.0
2025Q2,2.0101672166735103,55,XYZG,S000091231,2.0
2025Q3,2.0060343881227216,55,XYZG,S000091231,2.0
2025Q4,1.988036959276535,57,XYZG,S000091231,2.0
2026Q1,1.9888818513853015,55,XYZG,S000091231,2.0
2026Q2,1.958540384553016,60,XYZG,S000091231,2.0
2026Q3,1.9827637282462942,51,XYZG,S000091231,2.0
