list,ticker
sp500,MMM
sp500,AOS
sp500,ABT
sp500,ABBV
sp500,ACN
sp500,ADBE
sp500,AMD
sp500,AES
sp500,AFL
sp500,A
sp500,APD
sp500,ABNB
sp500,AKAM
sp500,ALB
sp500,ARE
sp500,ALGN
sp500,ALLE
sp500,LNT
sp500,ALL
sp500,GOOGL
sp500,GOOG
sp500,MO
sp500,AMZN
sp500,AMCR
sp500,AEE
sp500,AEP
sp500,AXP
sp500,AIG
sp500,AMT
sp500,AWK
sp500,AMP
sp500,AME
sp500,AMGN
sp500,APH
sp500,ADI
sp500,AON
sp500,APA
sp500,APO
sp500,AAPL
sp500,AMAT
sp500,APP
sp500,APTV
sp500,ACGL
sp500,ADM
sp500,ARES
sp500,ANET
sp500,AJG
sp500,AIZ
sp500,T
sp500,ATO
sp500,ADSK
sp500,ADP
sp500,AZO
sp500,AVY
sp500,AXON
sp500,BKR
sp500,BALL
sp500,BAC
sp500,BAX
sp500,BDX
sp500,BRK-B
sp500,BBY
sp500,TECH
sp500,BIIB
sp500,BLK
sp500,BX
sp500,XYZ
sp500,BE
sp500,BNY
sp500,BA
sp500,BKNG
sp500,BSX
sp500,BMY
sp500,AVGO
sp500,BR
sp500,BRO
sp500,BF-B
sp500,BG
sp500,BXP
sp500,CHRW
sp500,CDNS
sp500,CPT
sp500,COF
sp500,CAH
sp500,CCL
sp500,CARR
sp500,CVNA
sp500,CASY
sp500,CAT
sp500,CBOE
sp500,CBRE
sp500,CDW
sp500,COR
sp500,CNC
sp500,CNP
sp500,CF
sp500,CRL
sp500,SCHW
sp500,CHTR
sp500,CVX
sp500,CMG
sp500,CB
sp500,CHD
sp500,CIEN
sp500,CI
sp500,CINF
sp500,CTAS
sp500,CSCO
sp500,C
sp500,CFG
sp500,CLX
sp500,CME
sp500,CMS
sp500,KO
sp500,CTSH
sp500,COHR
sp500,COIN
sp500,CL
sp500,CMCSA
sp500,FIX
sp500,COP
sp500,ED
sp500,STZ
sp500,CEG
sp500,COO
sp500,CPRT
sp500,GLW
sp500,CPAY
sp500,CTVA
sp500,CSGP
sp500,COST
sp500,CRH
sp500,CRWD
sp500,CCI
sp500,CSX
sp500,CMI
sp500,CVS
sp500,DHR
sp500,DRI
sp500,DDOG
sp500,DVA
sp500,DECK
sp500,DE
sp500,DELL
sp500,DAL
sp500,DVN
sp500,DXCM
sp500,FANG
sp500,DLR
sp500,DG
sp500,DLTR
sp500,D
sp500,DPZ
sp500,DASH
sp500,DOV
sp500,DOW
sp500,DHI
sp500,DTE
sp500,DUK
sp500,DD
sp500,ETN
sp500,EBAY
sp500,ECHO
sp500,ECL
sp500,EIX
sp500,EW
sp500,ELV
sp500,EME
sp500,EMR
sp500,ETR
sp500,EOG
sp500,EQT
sp500,EFX
sp500,EQIX
sp500,ERIE
sp500,ESS
sp500,EL
sp500,EG
sp500,EVRG
sp500,P
sp500,ES
sp500,EXC
sp500,EXE
sp500,EXPE
sp500,EXPD
sp500,EXR
sp500,XOM
sp500,FFIV
sp500,FDS
sp500,FICO
sp500,FAST
sp500,FRT
sp500,FDX
sp500,FDXF
sp500,FERG
sp500,FIS
sp500,FITB
sp500,FSLR
sp500,FE
sp500,FISV
sp500,FLEX
sp500,F
sp500,FTNT
sp500,FTV
sp500,FOXA
sp500,FOX
sp500,BEN
sp500,FCX
sp500,GRMN
sp500,IT
sp500,GE
sp500,GEHC
sp500,GEV
sp500,GEN
sp500,GNRC
sp500,GD
sp500,GIS
sp500,GM
sp500,GPC
sp500,GILD
sp500,GPN
sp500,GL
sp500,GDDY
sp500,GS
sp500,HAL
sp500,HIG
sp500,HAS
sp500,HCA
sp500,DOC
sp500,HSIC
sp500,HSY
sp500,HPE
sp500,HLT
sp500,HD
sp500,HONA
sp500,HON
sp500,HRL
sp500,HST
sp500,HWM
sp500,HPQ
sp500,HUBB
sp500,HUM
sp500,HBAN
sp500,HII
sp500,IBM
sp500,IEX
sp500,IDXX
sp500,ITW
sp500,ILMN
sp500,INCY
sp500,IR
sp500,PODD
sp500,INTC
sp500,IBKR
sp500,ICE
sp500,IFF
sp500,IP
sp500,INTU
sp500,ISRG
sp500,IVZ
sp500,INVH
sp500,IQV
sp500,IRM
sp500,JBHT
sp500,JBL
sp500,JKHY
sp500,J
sp500,JNJ
sp500,JCI
sp500,JPM
sp500,KVUE
sp500,KDP
sp500,KEY
sp500,KEYS
sp500,KMB
sp500,KIM
sp500,KMI
sp500,KKR
sp500,KLAC
sp500,KHC
sp500,KR
sp500,LHX
sp500,LH
sp500,LRCX
sp500,LVS
sp500,LDOS
sp500,LEN
sp500,LII
sp500,LLY
sp500,LIN
sp500,LYV
sp500,LMT
sp500,L
sp500,LOW
sp500,LULU
sp500,LITE
sp500,LYB
sp500,MTB
sp500,MPC
sp500,MAR
sp500,MRSH
sp500,MLM
sp500,MRVL
sp500,MAS
sp500,MA
sp500,MKC
sp500,MCD
sp500,MCK
sp500,MDT
sp500,MRK
sp500,META
sp500,MET
sp500,MTD
sp500,MGM
sp500,MCHP
sp500,MU
sp500,MSFT
sp500,MAA
sp500,MRNA
sp500,MDLZ
sp500,MPWR
sp500,MNST
sp500,MCO
sp500,MS
sp500,MOS
sp500,MSI
sp500,MSCI
sp500,NDAQ
sp500,NTAP
sp500,NFLX
sp500,NEM
sp500,NWSA
sp500,NWS
sp500,NEE
sp500,NKE
sp500,NI
sp500,NDSN
sp500,NSC
sp500,NTRS
sp500,NOC
sp500,NCLH
sp500,NRG
sp500,NUE
sp500,NVDA
sp500,NVR
sp500,NXPI
sp500,ORLY
sp500,OXY
sp500,ODFL
sp500,OMC
sp500,ON
sp500,OKE
sp500,ORCL
sp500,OTIS
sp500,PCAR
sp500,PKG
sp500,PLTR
sp500,PANW
sp500,PSKY
sp500,PH
sp500,PAYX
sp500,PYPL
sp500,PNR
sp500,PEP
sp500,PFE
sp500,PCG
sp500,PM
sp500,PSX
sp500,PNW
sp500,PNC
sp500,PPG
sp500,PPL
sp500,PFG
sp500,PG
sp500,PGR
sp500,PLD
sp500,PRU
sp500,PEG
sp500,PTC
sp500,PSA
sp500,PHM
sp500,PWR
sp500,QCOM
sp500,DGX
sp500,Q
sp500,RL
sp500,RJF
sp500,RDDT
sp500,RTX
sp500,O
sp500,REG
sp500,REGN
sp500,RF
sp500,RSG
sp500,RMD
sp500,RVTY
sp500,HOOD
sp500,ROK
sp500,ROL
sp500,ROP
sp500,ROST
sp500,RCL
sp500,SPGI
sp500,CRM
sp500,SNDK
sp500,SBAC
sp500,SLB
sp500,STX
sp500,SRE
sp500,NOW
sp500,SHW
sp500,SPG
sp500,SWKS
sp500,SJM
sp500,SW
sp500,SNA
sp500,SOLV
sp500,SO
sp500,LUV
sp500,SWK
sp500,SBUX
sp500,STT
sp500,STLD
sp500,STE
sp500,SYK
sp500,SMCI
sp500,SYF
sp500,SNPS
sp500,SYY
sp500,TMUS
sp500,TROW
sp500,TTWO
sp500,TPR
sp500,TRGP
sp500,TGT
sp500,TEL
sp500,TDY
sp500,TER
sp500,TSLA
sp500,TXN
sp500,TPL
sp500,TXT
sp500,TMO
sp500,TJX
sp500,TKO
sp500,TSCO
sp500,TT
sp500,TDG
sp500,TRV
sp500,TRMB
sp500,TFC
sp500,TYL
sp500,TSN
sp500,USB
sp500,UBER
sp500,UDR
sp500,ULTA
sp500,UNP
sp500,UAL
sp500,UPS
sp500,URI
sp500,UNH
sp500,UHS
sp500,VLO
sp500,VEEV
sp500,VTR
sp500,VLTO
sp500,VRSN
sp500,VRSK
sp500,VZ
sp500,VRTX
sp500,VRT
sp500,VTRS
sp500,VICI
sp500,V
sp500,VST
sp500,VMRK
sp500,VMC
sp500,WRB
sp500,GWW
sp500,WAB
sp500,WMT
sp500,DIS
sp500,WBD
sp500,WM
sp500,WAT
sp500,WEC
sp500,WFC
sp500,WELL
sp500,WST
sp500,WDC
sp500,WY
sp500,WSM
sp500,WMB
sp500,WTW
sp500,WDAY
sp500,WYNN
sp500,XEL
sp500,XYL
sp500,YUM
sp500,ZBRA
sp500,ZBH
sp500,ZTS
sp400,AA
sp400,AAL
sp400,AAON
sp400,ACI
sp400,ACM
sp400,ADC
sp400,AEIS
sp400,AFG
sp400,AGCO
sp400,AHR
sp400,AIT
sp400,ALGM
sp400,ALK
sp400,ALLY
sp400,ALSN
sp400,ALV
sp400,AM
sp400,AMG
sp400,AMH
sp400,AMKR
sp400,AN
sp400,ANF
sp400,APG
sp400,APPF
sp400,AR
sp400,ARMK
sp400,ARW
sp400,ARWR
sp400,ASB
sp400,ASH
sp400,ATI
sp400,ATR
sp400,AVAV
sp400,AVNT
sp400,AVT
sp400,AVTR
sp400,AXTA
sp400,AYI
sp400,BAH
sp400,BBWI
sp400,BC
sp400,BCO
sp400,BDC
sp400,BHF
sp400,BILL
sp400,BIO
sp400,BJ
sp400,BKH
sp400,BMRN
sp400,BRKR
sp400,BROS
sp400,BRX
sp400,BSY
sp400,BTSG
sp400,BURL
sp400,BWA
sp400,BWXT
sp400,BYD
sp400,CACI
sp400,CAR
sp400,CART
sp400,CAVA
sp400,CBSH
sp400,CBT
sp400,CCK
sp400,CDE
sp400,CDP
sp400,CELH
sp400,CFR
sp400,CG
sp400,CGNX
sp400,CHDN
sp400,CHE
sp400,CHH
sp400,CHRD
sp400,CHWY
sp400,CLF
sp400,CLH
sp400,CMC
sp400,CNH
sp400,CNM
sp400,CNO
sp400,CNX
sp400,COKE
sp400,COLB
sp400,COLM
sp400,CPRI
sp400,CR
sp400,CRBG
sp400,CROX
sp400,CRS
sp400,CRUS
sp400,CSL
sp400,CTRE
sp400,CUBE
sp400,CUZ
sp400,CVLT
sp400,CW
sp400,CXT
sp400,CYTK
sp400,DAR
sp400,DBX
sp400,DCI
sp400,DINO
sp400,DKS
sp400,DLB
sp400,DOCN
sp400,DOCS
sp400,DOCU
sp400,DT
sp400,DTM
sp400,DUOL
sp400,DY
sp400,EEFT
sp400,EGP
sp400,EHC
sp400,ELAN
sp400,ELF
sp400,ELS
sp400,ENS
sp400,ENSG
sp400,ENTG
sp400,EPR
sp400,EQH
sp400,ESAB
sp400,ESNT
sp400,EVR
sp400,EWBC
sp400,EXEL
sp400,EXLS
sp400,EXP
sp400,EXPO
sp400,FAF
sp400,FBIN
sp400,FCFS
sp400,FCN
sp400,FFIN
sp400,FHI
sp400,FHN
sp400,FIVE
sp400,FLG
sp400,FLR
sp400,FLS
sp400,FN
sp400,FNB
sp400,FND
sp400,FNF
sp400,FOUR
sp400,FR
sp400,FTI
sp400,G
sp400,GAP
sp400,GATX
sp400,GBCI
sp400,GEF
sp400,GGG
sp400,GHC
sp400,GLPI
sp400,GME
sp400,GMED
sp400,GNTX
sp400,GPK
sp400,GWRE
sp400,GXO
sp400,H
sp400,HAE
sp400,HALO
sp400,HGV
sp400,HIMS
sp400,HL
sp400,HLI
sp400,HLNE
sp400,HOG
sp400,HOMB
sp400,HQY
sp400,HR
sp400,HRB
sp400,HWC
sp400,HXL
sp400,IBOC
sp400,IDA
sp400,IDCC
sp400,IESC
sp400,ILMN
sp400,INGR
sp400,IPGP
sp400,IRT
sp400,ITT
sp400,JAZZ
sp400,JEF
sp400,JLL
sp400,KBH
sp400,KBR
sp400,KD
sp400,KEX
sp400,KNF
sp400,KNSL
sp400,KNX
sp400,KRC
sp400,KRG
sp400,KRYS
sp400,KTOS
sp400,LAD
sp400,LAMR
sp400,LEA
sp400,LECO
sp400,LFUS
sp400,LIVN
sp400,LNTH
sp400,LOPE
sp400,LPX
sp400,LSCC
sp400,LSTR
sp400,M
sp400,MANH
sp400,MAT
sp400,MEDP
sp400,MIDD
sp400,MKSI
sp400,MLI
sp400,MMS
sp400,MOG-A
sp400,MOH
sp400,MORN
sp400,MP
sp400,MSA
sp400,MSM
sp400,MTDR
sp400,MTG
sp400,MTN
sp400,MTSI
sp400,MTZ
sp400,MUR
sp400,MUSA
sp400,MZTI
sp400,NBIX
sp400,NEU
sp400,NFG
sp400,NJR
sp400,NLY
sp400,NNN
sp400,NOV
sp400,NOVT
sp400,NTNX
sp400,NVST
sp400,NVT
sp400,NWE
sp400,NXST
sp400,NXT
sp400,NYT
sp400,OC
sp400,OGE
sp400,OGS
sp400,OHI
sp400,OKTA
sp400,OLED
sp400,OLLI
sp400,OLN
sp400,ONB
sp400,ONTO
sp400,OPCH
sp400,ORA
sp400,ORI
sp400,OSK
sp400,OVV
sp400,OZK
sp400,P
sp400,PAG
sp400,PATH
sp400,PB
sp400,PBF
sp400,PCTY
sp400,PEGA
sp400,PEN
sp400,PFGC
sp400,PII
sp400,PINS
sp400,PK
sp400,PLNT
sp400,PNFP
sp400,POR
sp400,POST
sp400,PPC
sp400,PR
sp400,PRI
sp400,PSN
sp400,PVH
sp400,QLYS
sp400,R
sp400,RBA
sp400,RBC
sp400,REXR
sp400,RGA
sp400,RGEN
sp400,RGLD
sp400,RH
sp400,RLI
sp400,RMBS
sp400,RNR
sp400,ROIV
sp400,ROKU
sp400,RPM
sp400,RRC
sp400,RRX
sp400,RS
sp400,RYAN
sp400,RYN
sp400,SAIA
sp400,SAIC
sp400,SAM
sp400,SANM
sp400,SARO
sp400,SBRA
sp400,SCI
sp400,SEIC
sp400,SF
sp400,SFM
sp400,SGI
sp400,SHC
sp400,SIGI
sp400,SIRI
sp400,SITM
sp400,SLAB
sp400,SLGN
sp400,SLM
sp400,SMG
sp400,SMTC
sp400,SN
sp400,SNX
sp400,SOLS
sp400,SON
sp400,SPXC
sp400,SR
sp400,SSB
sp400,SSD
sp400,ST
sp400,STAG
sp400,STRL
sp400,STWD
sp400,SUI
sp400,SWX
sp400,SYNA
sp400,TCBI
sp400,TEX
sp400,THC
sp400,THG
sp400,THO
sp400,TKR
sp400,TLN
sp400,TNL
sp400,TOL
sp400,TOST
sp400,TREX
sp400,TRU
sp400,TTC
sp400,TTEK
sp400,TTMI
sp400,TWLO
sp400,TXNM
sp400,TXRH
sp400,UBSI
sp400,UFPI
sp400,UGI
sp400,ULS
sp400,UMBF
sp400,UNM
sp400,USFD
sp400,UTHR
sp400,VAL
sp400,VC
sp400,VFC
sp400,VIAV
sp400,VICR
sp400,VLY
sp400,VMI
sp400,VNO
sp400,VNOM
sp400,VNT
sp400,VOYA
sp400,VVV
sp400,WAL
sp400,WCC
sp400,WEX
sp400,WFRD
sp400,WH
sp400,WHR
sp400,WING
sp400,WLK
sp400,WMG
sp400,WMS
sp400,WPC
sp400,WSO
sp400,WTFC
sp400,WTRG
sp400,WTS
sp400,WWD
sp400,XPO
sp400,XRAY
sp400,YETI
sp400,ZION
sp600,AAMI
sp600,AAP
sp600,AAT
sp600,ABCB
sp600,ABG
sp600,ABM
sp600,ABR
sp600,ACA
sp600,ACAD
sp600,ACHC
sp600,ACIW
sp600,ACLS
sp600,ACMR
sp600,ACT
sp600,ADAM
sp600,ADEA
sp600,ADIG
sp600,ADMA
sp600,ADNT
sp600,ADT
sp600,ADUS
sp600,AEO
sp600,AESI
sp600,AGNT
sp600,AGO
sp600,AGX
sp600,AGYS
sp600,AHCO
sp600,AIN
sp600,AIR
sp600,AKR
sp600,ALG
sp600,ALGT
sp600,ALHC
sp600,ALKS
sp600,ALRM
sp600,AMN
sp600,AMPH
sp600,AMR
sp600,AMRX
sp600,AMSF
sp600,AMTM
sp600,ANDE
sp600,ANIP
sp600,AORT
sp600,AOSL
sp600,APAM
sp600,APLE
sp600,APOG
sp600,ARCB
sp600,ARLO
sp600,AROC
sp600,ARR
sp600,ASO
sp600,ASTE
sp600,ASTH
sp600,ATEN
sp600,ATMU
sp600,AUB
sp600,AVA
sp600,AWI
sp600,AWR
sp600,AX
sp600,AZTA
sp600,AZZ
sp600,BANC
sp600,BANF
sp600,BANR
sp600,BBT
sp600,BCC
sp600,BCPC
sp600,BFAM
sp600,BFH
sp600,BFS
sp600,BGC
sp600,BHE
sp600,BJRI
sp600,BKE
sp600,BKU
sp600,BL
sp600,BLFS
sp600,BLKB
sp600,BMI
sp600,BNL
sp600,BOH
sp600,BOOT
sp600,BOX
sp600,BRC
sp600,BTU
sp600,BXMT
sp600,CACC
sp600,CAG
sp600,CAKE
sp600,CALM
sp600,CALX
sp600,CALY
sp600,CARG
sp600,CASH
sp600,CATY
sp600,CBRL
sp600,CBU
sp600,CC
sp600,CCOI
sp600,CCS
sp600,CE
sp600,CENT
sp600,CENTA
sp600,CENX
sp600,CERT
sp600,CFFN
sp600,CHCO
sp600,CHEF
sp600,CLSK
sp600,CNK
sp600,CNMD
sp600,CNR
sp600,CNS
sp600,CNXC
sp600,CNXN
sp600,COCO
sp600,COHU
sp600,COLL
sp600,CON
sp600,CORT
sp600,COTY
sp600,CPB
sp600,CPF
sp600,CPK
sp600,CRC
sp600,CRGY
sp600,CRI
sp600,CRK
sp600,CRSR
sp600,CRVL
sp600,CSR
sp600,CSW
sp600,CTS
sp600,CUBI
sp600,CURB
sp600,CVBF
sp600,CVCO
sp600,CVI
sp600,CVSA
sp600,CWEN
sp600,CWEN-A
sp600,CWK
sp600,CWST
sp600,CWT
sp600,CXM
sp600,CXW
sp600,CZR
sp600,DAN
sp600,DAVE
sp600,DBD
sp600,DCH
sp600,DCOM
sp600,DEA
sp600,DEI
sp600,DFH
sp600,DFIN
sp600,DGII
sp600,DIOD
sp600,DLX
sp600,DMC
sp600,DNOW
sp600,DORM
sp600,DRH
sp600,DV
sp600,DXC
sp600,DXPE
sp600,EAT
sp600,EBC
sp600,ECG
sp600,ECPG
sp600,EFC
sp600,EFOR
sp600,EGBN
sp600,EIG
sp600,EMN
sp600,ENOV
sp600,ENPH
sp600,ENR
sp600,ENVA
sp600,EPAC
sp600,EPAM
sp600,EPC
sp600,EPRT
sp600,ESE
sp600,ESI
sp600,ETSY
sp600,EVTC
sp600,EXTR
sp600,EYE
sp600,EZPW
sp600,FA
sp600,FBK
sp600,FBNC
sp600,FBP
sp600,FBRT
sp600,FCF
sp600,FCPT
sp600,FELE
sp600,FFBC
sp600,FG
sp600,FHB
sp600,FIBK
sp600,FIVN
sp600,FIZZ
sp600,FLO
sp600,FMC
sp600,FORM
sp600,FOXF
sp600,FRPT
sp600,FSS
sp600,FTDR
sp600,FTRE
sp600,FUL
sp600,FULT
sp600,FUN
sp600,GBX
sp600,GEO
sp600,GFF
sp600,GIII
sp600,GKOS
sp600,GNL
sp600,GNW
sp600,GO
sp600,GOLF
sp600,GPI
sp600,GPOR
sp600,GRBK
sp600,GSHD
sp600,GT
sp600,GTES
sp600,GTM
sp600,GTY
sp600,GVA
sp600,HAFC
sp600,HASI
sp600,HAYW
sp600,HCC
sp600,HCI
sp600,HCSG
sp600,HE
sp600,HFWA
sp600,HIW
sp600,HLIT
sp600,HLX
sp600,HMN
sp600,HNI
sp600,HOPE
sp600,HP
sp600,HRMY
sp600,HSTM
sp600,HTH
sp600,HTLD
sp600,HTO
sp600,HUBG
sp600,HWKN
sp600,HZO
sp600,IART
sp600,IBP
sp600,ICHR
sp600,ICUI
sp600,IIPR
sp600,INDB
sp600,INDV
sp600,INSP
sp600,INSW
sp600,INVA
sp600,INVX
sp600,IOSP
sp600,IPAR
sp600,IRDM
sp600,ITGR
sp600,ITRI
sp600,IVT
sp600,JBGS
sp600,JBLU
sp600,JBSS
sp600,JBTM
sp600,JJSF
sp600,JOE
sp600,JXN
sp600,KAI
sp600,KALU
sp600,KFY
sp600,KGS
sp600,KLIC
sp600,KMPR
sp600,KMT
sp600,KMX
sp600,KN
sp600,KNTK
sp600,KOP
sp600,KRMN
sp600,KSS
sp600,KTB
sp600,KWR
sp600,LAUR
sp600,LAZ
sp600,LBRT
sp600,LCII
sp600,LEG
sp600,LEU
sp600,LFST
sp600,LGIH
sp600,LIF
sp600,LGND
sp600,LKFN
sp600,LKQ
sp600,LMAT
sp600,LNC
sp600,LNN
sp600,LPG
sp600,LQDA
sp600,LQDT
sp600,LRN
sp600,LTC
sp600,LTH
sp600,LUMN
sp600,LW
sp600,LXP
sp600,LYFT
sp600,LZ
sp600,LZB
sp600,MAC
sp600,MAN
sp600,MARA
sp600,MATW
sp600,MATX
sp600,MBC
sp600,MBGL
sp600,MBIN
sp600,MC
sp600,MCRI
sp600,MCY
sp600,MD
sp600,MDU
sp600,MFP
sp600,MGEE
sp600,MGY
sp600,MHK
sp600,MHO
sp600,MIR
sp600,MKTX
sp600,MLKN
sp600,MMI
sp600,MMSI
sp600,MPT
sp600,MRCY
sp600,MRP
sp600,MRTN
sp600,MSEX
sp600,MSGS
sp600,MTCH
sp600,MTH
sp600,MTRN
sp600,MTUS
sp600,MTX
sp600,MWA
sp600,MXL
sp600,MYRG
sp600,NABL
sp600,NATL
sp600,NAVI
sp600,NBHC
sp600,NBTB
sp600,NE
sp600,NEO
sp600,NEOG
sp600,NGVT
sp600,NHC
sp600,NHI
sp600,NIC
sp600,NMIH
sp600,NOG
sp600,NPK
sp600,NPO
sp600,NSIT
sp600,NSP
sp600,NSSC
sp600,NTCT
sp600,NTST
sp600,NWBI
sp600,NWL
sp600,NWN
sp600,NX
sp600,NXRT
sp600,OFG
sp600,OGN
sp600,OI
sp600,OII
sp600,OMCL
sp600,OPLN
sp600,OSIS
sp600,OSW
sp600,OTTR
sp600,OUT
sp600,PAHC
sp600,PARR
sp600,PAYC
sp600,PAYO
sp600,PATK
sp600,PBH
sp600,PBI
sp600,PCRX
sp600,PDFS
sp600,PEB
sp600,PECO
sp600,PENG
sp600,PENN
sp600,PFBC
sp600,PFS
sp600,PGNY
sp600,PHIN
sp600,PI
sp600,PIPR
sp600,PJT
sp600,PLAB
sp600,PLMR
sp600,PLUS
sp600,PLXS
sp600,PMT
sp600,POOL
sp600,POWI
sp600,POWL
sp600,PPLI
sp600,PRDO
sp600,PRG
sp600,PRGO
sp600,PRGS
sp600,PRIM
sp600,PRK
sp600,PRKS
sp600,PRLB
sp600,PRSU
sp600,PRVA
sp600,PSMT
sp600,PTCT
sp600,PTEN
sp600,PTGX
sp600,PTON
sp600,PZZA
sp600,QDEL
sp600,QNST
sp600,QRVO
sp600,QTWO
sp600,RAMP
sp600,RAL
sp600,RCUS
sp600,RDN
sp600,RDNT
sp600,RELY
sp600,RES
sp600,REYN
sp600,REX
sp600,REZI
sp600,RHI
sp600,RHP
sp600,RITM
sp600,RNG
sp600,RNST
sp600,ROAD
sp600,ROCK
sp600,ROG
sp600,RRR
sp600,RSI
sp600,RUN
sp600,RUSHA
sp600,RXO
sp600,SAFE
sp600,SABR
sp600,SAFT
sp600,SAH
sp600,SBCF
sp600,SBH
sp600,SBSI
sp600,SCHL
sp600,SCL
sp600,SCSC
sp600,SDGR
sp600,SEDG
sp600,SEI
sp600,SEZL
sp600,SFBS
sp600,SFNC
sp600,SHAK
sp600,SHEN
sp600,SHO
sp600,SHOO
sp600,SIG
sp600,SKT
sp600,SKY
sp600,SKYW
sp600,SLG
sp600,SLVM
sp600,SM
sp600,SMP
sp600,SMPL
sp600,SNDR
sp600,SNEX
sp600,SONO
sp600,SPHR
sp600,SPNT
sp600,SPSC
sp600,SRPT
sp600,STAA
sp600,STBA
sp600,STC
sp600,STEP
sp600,STRA
sp600,SUPN
sp600,SXI
sp600,SXT
sp600,TALO
sp600,TBBK
sp600,TDC
sp600,TDS
sp600,TDW
sp600,TFIN
sp600,TFX
sp600,TGTX
sp600,THRM
sp600,TILE
sp600,TMDX
sp600,TMP
sp600,TNC
sp600,TNDM
sp600,TPC
sp600,TR
sp600,TRIP
sp600,TRMK
sp600,TRN
sp600,TRNO
sp600,TRST
sp600,TRUP
sp600,UA
sp600,UAA
sp600,UCB
sp600,UCTT
sp600,UE
sp600,UFCS
sp600,UFPT
sp600,UNF
sp600,UNFI
sp600,UNIT
sp600,UPBD
sp600,UPWK
sp600,URBN
sp600,USLM
sp600,USPH
sp600,UTI
sp600,UTL
sp600,UVV
sp600,VAC
sp600,VCEL
sp600,VCTR
sp600,VCYT
sp600,VECO
sp600,VGNT
sp600,VIR
sp600,VIRT
sp600,VRRM
sp600,VRTS
sp600,VSAT
sp600,VSEC
sp600,VSH
sp600,VSNT
sp600,VSTS
sp600,VSXY
sp600,VTOL
sp600,VVX
sp600,VYX
sp600,WABC
sp600,WAFD
sp600,WAY
sp600,WD
sp600,WDFC
sp600,WEN
sp600,WERN
sp600,WGO
sp600,WHD
sp600,WINA
sp600,WKC
sp600,WLY
sp600,WOR
sp600,WRBY
sp600,WRLD
sp600,WS
sp600,WSBC
sp600,WSC
sp600,WSFS
sp600,WT
sp600,WU
sp600,WWW
sp600,XHR
sp600,XNCR
sp600,XPEL
sp600,YELP
sp600,YOU
sp600,ZD
sp600,ZWS
